"series","season","raceNumber","qualiSession","qualiAddress","qualiId","noRecords"
"indycar",2015,1,1,"http://forix.autosport.com/gp.php?l=0&d=11&r=20151101&c=131","indycar~2015~1~1",FALSE
"indycar",2015,1,2,"http://forix.autosport.com/gp.php?l=0&d=11&r=20151101&c=132","indycar~2015~1~2",FALSE
"indycar",2015,1,3,"http://forix.autosport.com/gp.php?l=0&d=11&r=20151101&c=133","indycar~2015~1~3",FALSE
"indycar",2015,1,4,"http://forix.autosport.com/gp.php?l=0&d=11&r=20151101&c=134","indycar~2015~1~4",FALSE
"indycar",2015,2,1,"http://forix.autosport.com/gp.php?l=0&d=11&r=20151102&c=131","indycar~2015~2~1",FALSE
"indycar",2015,2,2,"http://forix.autosport.com/gp.php?l=0&d=11&r=20151102&c=132","indycar~2015~2~2",FALSE
"indycar",2015,2,3,"http://forix.autosport.com/gp.php?l=0&d=11&r=20151102&c=133","indycar~2015~2~3",TRUE
"indycar",2015,2,4,"http://forix.autosport.com/gp.php?l=0&d=11&r=20151102&c=134","indycar~2015~2~4",TRUE
"indycar",2015,3,1,"http://forix.autosport.com/gp.php?l=0&d=11&r=20151103&c=131","indycar~2015~3~1",FALSE
"indycar",2015,3,2,"http://forix.autosport.com/gp.php?l=0&d=11&r=20151103&c=132","indycar~2015~3~2",FALSE
"indycar",2015,3,3,"http://forix.autosport.com/gp.php?l=0&d=11&r=20151103&c=133","indycar~2015~3~3",FALSE
"indycar",2015,3,4,"http://forix.autosport.com/gp.php?l=0&d=11&r=20151103&c=134","indycar~2015~3~4",FALSE
"indycar",2015,4,1,"http://forix.autosport.com/gp.php?l=0&d=11&r=20151104&c=131","indycar~2015~4~1",FALSE
"indycar",2015,4,2,"http://forix.autosport.com/gp.php?l=0&d=11&r=20151104&c=132","indycar~2015~4~2",FALSE
"indycar",2015,4,3,"http://forix.autosport.com/gp.php?l=0&d=11&r=20151104&c=133","indycar~2015~4~3",FALSE
"indycar",2015,4,4,"http://forix.autosport.com/gp.php?l=0&d=11&r=20151104&c=134","indycar~2015~4~4",FALSE
"indycar",2015,5,1,"http://forix.autosport.com/gp.php?l=0&d=11&r=20151105&c=131","indycar~2015~5~1",FALSE
"indycar",2015,5,2,"http://forix.autosport.com/gp.php?l=0&d=11&r=20151105&c=132","indycar~2015~5~2",FALSE
"indycar",2015,5,3,"http://forix.autosport.com/gp.php?l=0&d=11&r=20151105&c=133","indycar~2015~5~3",FALSE
"indycar",2015,5,4,"http://forix.autosport.com/gp.php?l=0&d=11&r=20151105&c=134","indycar~2015~5~4",FALSE
"indycar",2015,7,1,"http://forix.autosport.com/gp.php?l=0&d=11&r=20151107&c=131","indycar~2015~7~1",FALSE
"indycar",2015,7,2,"http://forix.autosport.com/gp.php?l=0&d=11&r=20151107&c=132","indycar~2015~7~2",FALSE
"indycar",2015,7,3,"http://forix.autosport.com/gp.php?l=0&d=11&r=20151107&c=133","indycar~2015~7~3",FALSE
"indycar",2015,7,4,"http://forix.autosport.com/gp.php?l=0&d=11&r=20151107&c=134","indycar~2015~7~4",FALSE
"indycar",2015,8,1,"http://forix.autosport.com/gp.php?l=0&d=11&r=20151108&c=131","indycar~2015~8~1",FALSE
"indycar",2015,8,2,"http://forix.autosport.com/gp.php?l=0&d=11&r=20151108&c=132","indycar~2015~8~2",TRUE
"indycar",2015,8,3,"http://forix.autosport.com/gp.php?l=0&d=11&r=20151108&c=133","indycar~2015~8~3",TRUE
"indycar",2015,8,4,"http://forix.autosport.com/gp.php?l=0&d=11&r=20151108&c=134","indycar~2015~8~4",TRUE
"indycar",2015,10,1,"http://forix.autosport.com/gp.php?l=0&d=11&r=20151110&c=131","indycar~2015~10~1",FALSE
"indycar",2015,10,2,"http://forix.autosport.com/gp.php?l=0&d=11&r=20151110&c=132","indycar~2015~10~2",FALSE
"indycar",2015,10,3,"http://forix.autosport.com/gp.php?l=0&d=11&r=20151110&c=133","indycar~2015~10~3",FALSE
"indycar",2015,10,4,"http://forix.autosport.com/gp.php?l=0&d=11&r=20151110&c=134","indycar~2015~10~4",FALSE
"indycar",2015,14,1,"http://forix.autosport.com/gp.php?l=0&d=11&r=20151114&c=131","indycar~2015~14~1",FALSE
"indycar",2015,14,2,"http://forix.autosport.com/gp.php?l=0&d=11&r=20151114&c=132","indycar~2015~14~2",FALSE
"indycar",2015,14,3,"http://forix.autosport.com/gp.php?l=0&d=11&r=20151114&c=133","indycar~2015~14~3",FALSE
"indycar",2015,14,4,"http://forix.autosport.com/gp.php?l=0&d=11&r=20151114&c=134","indycar~2015~14~4",FALSE
"indycar",2015,16,1,"http://forix.autosport.com/gp.php?l=0&d=11&r=20151116&c=131","indycar~2015~16~1",FALSE
"indycar",2015,16,2,"http://forix.autosport.com/gp.php?l=0&d=11&r=20151116&c=132","indycar~2015~16~2",FALSE
"indycar",2015,16,3,"http://forix.autosport.com/gp.php?l=0&d=11&r=20151116&c=133","indycar~2015~16~3",FALSE
"indycar",2015,16,4,"http://forix.autosport.com/gp.php?l=0&d=11&r=20151116&c=134","indycar~2015~16~4",FALSE
"indycar",2016,1,1,"http://forix.autosport.com/gp.php?l=0&d=11&r=20161101&c=131","indycar~2016~1~1",FALSE
"indycar",2016,1,2,"http://forix.autosport.com/gp.php?l=0&d=11&r=20161101&c=132","indycar~2016~1~2",FALSE
"indycar",2016,1,3,"http://forix.autosport.com/gp.php?l=0&d=11&r=20161101&c=133","indycar~2016~1~3",FALSE
"indycar",2016,1,4,"http://forix.autosport.com/gp.php?l=0&d=11&r=20161101&c=134","indycar~2016~1~4",FALSE
"indycar",2016,3,1,"http://forix.autosport.com/gp.php?l=0&d=11&r=20161103&c=131","indycar~2016~3~1",FALSE
"indycar",2016,3,2,"http://forix.autosport.com/gp.php?l=0&d=11&r=20161103&c=132","indycar~2016~3~2",FALSE
"indycar",2016,3,3,"http://forix.autosport.com/gp.php?l=0&d=11&r=20161103&c=133","indycar~2016~3~3",FALSE
"indycar",2016,3,4,"http://forix.autosport.com/gp.php?l=0&d=11&r=20161103&c=134","indycar~2016~3~4",FALSE
"indycar",2016,4,1,"http://forix.autosport.com/gp.php?l=0&d=11&r=20161104&c=131","indycar~2016~4~1",FALSE
"indycar",2016,4,2,"http://forix.autosport.com/gp.php?l=0&d=11&r=20161104&c=132","indycar~2016~4~2",FALSE
"indycar",2016,4,3,"http://forix.autosport.com/gp.php?l=0&d=11&r=20161104&c=133","indycar~2016~4~3",FALSE
"indycar",2016,4,4,"http://forix.autosport.com/gp.php?l=0&d=11&r=20161104&c=134","indycar~2016~4~4",FALSE
"indycar",2016,5,1,"http://forix.autosport.com/gp.php?l=0&d=11&r=20161105&c=131","indycar~2016~5~1",FALSE
"indycar",2016,5,2,"http://forix.autosport.com/gp.php?l=0&d=11&r=20161105&c=132","indycar~2016~5~2",FALSE
"indycar",2016,5,3,"http://forix.autosport.com/gp.php?l=0&d=11&r=20161105&c=133","indycar~2016~5~3",FALSE
"indycar",2016,5,4,"http://forix.autosport.com/gp.php?l=0&d=11&r=20161105&c=134","indycar~2016~5~4",FALSE
"indycar",2016,7,1,"http://forix.autosport.com/gp.php?l=0&d=11&r=20161107&c=131","indycar~2016~7~1",FALSE
"indycar",2016,7,2,"http://forix.autosport.com/gp.php?l=0&d=11&r=20161107&c=132","indycar~2016~7~2",FALSE
"indycar",2016,7,3,"http://forix.autosport.com/gp.php?l=0&d=11&r=20161107&c=133","indycar~2016~7~3",FALSE
"indycar",2016,7,4,"http://forix.autosport.com/gp.php?l=0&d=11&r=20161107&c=134","indycar~2016~7~4",FALSE
"indycar",2016,8,1,"http://forix.autosport.com/gp.php?l=0&d=11&r=20161108&c=131","indycar~2016~8~1",FALSE
"indycar",2016,8,2,"http://forix.autosport.com/gp.php?l=0&d=11&r=20161108&c=132","indycar~2016~8~2",FALSE
"indycar",2016,8,3,"http://forix.autosport.com/gp.php?l=0&d=11&r=20161108&c=133","indycar~2016~8~3",TRUE
"indycar",2016,8,4,"http://forix.autosport.com/gp.php?l=0&d=11&r=20161108&c=134","indycar~2016~8~4",TRUE
"indycar",2016,9,1,"http://forix.autosport.com/gp.php?l=0&d=11&r=20161109&c=131","indycar~2016~9~1",FALSE
"indycar",2016,9,2,"http://forix.autosport.com/gp.php?l=0&d=11&r=20161109&c=132","indycar~2016~9~2",FALSE
"indycar",2016,9,3,"http://forix.autosport.com/gp.php?l=0&d=11&r=20161109&c=133","indycar~2016~9~3",FALSE
"indycar",2016,9,4,"http://forix.autosport.com/gp.php?l=0&d=11&r=20161109&c=134","indycar~2016~9~4",FALSE
"indycar",2016,11,1,"http://forix.autosport.com/gp.php?l=0&d=11&r=20161111&c=131","indycar~2016~11~1",FALSE
"indycar",2016,11,2,"http://forix.autosport.com/gp.php?l=0&d=11&r=20161111&c=132","indycar~2016~11~2",FALSE
"indycar",2016,11,3,"http://forix.autosport.com/gp.php?l=0&d=11&r=20161111&c=133","indycar~2016~11~3",FALSE
"indycar",2016,11,4,"http://forix.autosport.com/gp.php?l=0&d=11&r=20161111&c=134","indycar~2016~11~4",FALSE
"indycar",2016,12,1,"http://forix.autosport.com/gp.php?l=0&d=11&r=20161112&c=131","indycar~2016~12~1",FALSE
"indycar",2016,12,2,"http://forix.autosport.com/gp.php?l=0&d=11&r=20161112&c=132","indycar~2016~12~2",FALSE
"indycar",2016,12,3,"http://forix.autosport.com/gp.php?l=0&d=11&r=20161112&c=133","indycar~2016~12~3",FALSE
"indycar",2016,12,4,"http://forix.autosport.com/gp.php?l=0&d=11&r=20161112&c=134","indycar~2016~12~4",FALSE
"indycar",2016,15,1,"http://forix.autosport.com/gp.php?l=0&d=11&r=20161115&c=131","indycar~2016~15~1",FALSE
"indycar",2016,15,2,"http://forix.autosport.com/gp.php?l=0&d=11&r=20161115&c=132","indycar~2016~15~2",FALSE
"indycar",2016,15,3,"http://forix.autosport.com/gp.php?l=0&d=11&r=20161115&c=133","indycar~2016~15~3",FALSE
"indycar",2016,15,4,"http://forix.autosport.com/gp.php?l=0&d=11&r=20161115&c=134","indycar~2016~15~4",FALSE
"indycar",2016,16,1,"http://forix.autosport.com/gp.php?l=0&d=11&r=20161116&c=131","indycar~2016~16~1",FALSE
"indycar",2016,16,2,"http://forix.autosport.com/gp.php?l=0&d=11&r=20161116&c=132","indycar~2016~16~2",FALSE
"indycar",2016,16,3,"http://forix.autosport.com/gp.php?l=0&d=11&r=20161116&c=133","indycar~2016~16~3",FALSE
"indycar",2016,16,4,"http://forix.autosport.com/gp.php?l=0&d=11&r=20161116&c=134","indycar~2016~16~4",FALSE
"indycar",2017,1,1,"http://forix.autosport.com/gp.php?l=0&d=11&r=20171101&c=131","indycar~2017~1~1",FALSE
"indycar",2017,1,2,"http://forix.autosport.com/gp.php?l=0&d=11&r=20171101&c=132","indycar~2017~1~2",FALSE
"indycar",2017,1,3,"http://forix.autosport.com/gp.php?l=0&d=11&r=20171101&c=133","indycar~2017~1~3",FALSE
"indycar",2017,1,4,"http://forix.autosport.com/gp.php?l=0&d=11&r=20171101&c=134","indycar~2017~1~4",FALSE
"indycar",2017,2,1,"http://forix.autosport.com/gp.php?l=0&d=11&r=20171102&c=131","indycar~2017~2~1",FALSE
"indycar",2017,2,2,"http://forix.autosport.com/gp.php?l=0&d=11&r=20171102&c=132","indycar~2017~2~2",FALSE
"indycar",2017,2,3,"http://forix.autosport.com/gp.php?l=0&d=11&r=20171102&c=133","indycar~2017~2~3",FALSE
"indycar",2017,2,4,"http://forix.autosport.com/gp.php?l=0&d=11&r=20171102&c=134","indycar~2017~2~4",FALSE
"indycar",2017,3,1,"http://forix.autosport.com/gp.php?l=0&d=11&r=20171103&c=131","indycar~2017~3~1",FALSE
"indycar",2017,3,2,"http://forix.autosport.com/gp.php?l=0&d=11&r=20171103&c=132","indycar~2017~3~2",FALSE
"indycar",2017,3,3,"http://forix.autosport.com/gp.php?l=0&d=11&r=20171103&c=133","indycar~2017~3~3",FALSE
"indycar",2017,3,4,"http://forix.autosport.com/gp.php?l=0&d=11&r=20171103&c=134","indycar~2017~3~4",FALSE
"indycar",2017,5,1,"http://forix.autosport.com/gp.php?l=0&d=11&r=20171105&c=131","indycar~2017~5~1",FALSE
"indycar",2017,5,2,"http://forix.autosport.com/gp.php?l=0&d=11&r=20171105&c=132","indycar~2017~5~2",FALSE
"indycar",2017,5,3,"http://forix.autosport.com/gp.php?l=0&d=11&r=20171105&c=133","indycar~2017~5~3",FALSE
"indycar",2017,5,4,"http://forix.autosport.com/gp.php?l=0&d=11&r=20171105&c=134","indycar~2017~5~4",FALSE
"indycar",2017,7,1,"http://forix.autosport.com/gp.php?l=0&d=11&r=20171107&c=131","indycar~2017~7~1",FALSE
"indycar",2017,7,2,"http://forix.autosport.com/gp.php?l=0&d=11&r=20171107&c=132","indycar~2017~7~2",FALSE
"indycar",2017,7,3,"http://forix.autosport.com/gp.php?l=0&d=11&r=20171107&c=133","indycar~2017~7~3",TRUE
"indycar",2017,7,4,"http://forix.autosport.com/gp.php?l=0&d=11&r=20171107&c=134","indycar~2017~7~4",TRUE
"indycar",2017,8,1,"http://forix.autosport.com/gp.php?l=0&d=11&r=20171108&c=131","indycar~2017~8~1",FALSE
"indycar",2017,8,2,"http://forix.autosport.com/gp.php?l=0&d=11&r=20171108&c=132","indycar~2017~8~2",FALSE
"indycar",2017,8,3,"http://forix.autosport.com/gp.php?l=0&d=11&r=20171108&c=133","indycar~2017~8~3",TRUE
"indycar",2017,8,4,"http://forix.autosport.com/gp.php?l=0&d=11&r=20171108&c=134","indycar~2017~8~4",TRUE
"indycar",2017,10,1,"http://forix.autosport.com/gp.php?l=0&d=11&r=20171110&c=131","indycar~2017~10~1",FALSE
"indycar",2017,10,2,"http://forix.autosport.com/gp.php?l=0&d=11&r=20171110&c=132","indycar~2017~10~2",FALSE
"indycar",2017,10,3,"http://forix.autosport.com/gp.php?l=0&d=11&r=20171110&c=133","indycar~2017~10~3",FALSE
"indycar",2017,10,4,"http://forix.autosport.com/gp.php?l=0&d=11&r=20171110&c=134","indycar~2017~10~4",FALSE
"indycar",2017,12,1,"http://forix.autosport.com/gp.php?l=0&d=11&r=20171112&c=131","indycar~2017~12~1",FALSE
"indycar",2017,12,2,"http://forix.autosport.com/gp.php?l=0&d=11&r=20171112&c=132","indycar~2017~12~2",FALSE
"indycar",2017,12,3,"http://forix.autosport.com/gp.php?l=0&d=11&r=20171112&c=133","indycar~2017~12~3",FALSE
"indycar",2017,12,4,"http://forix.autosport.com/gp.php?l=0&d=11&r=20171112&c=134","indycar~2017~12~4",FALSE
"indycar",2017,13,1,"http://forix.autosport.com/gp.php?l=0&d=11&r=20171113&c=131","indycar~2017~13~1",FALSE
"indycar",2017,13,2,"http://forix.autosport.com/gp.php?l=0&d=11&r=20171113&c=132","indycar~2017~13~2",FALSE
"indycar",2017,13,3,"http://forix.autosport.com/gp.php?l=0&d=11&r=20171113&c=133","indycar~2017~13~3",FALSE
"indycar",2017,13,4,"http://forix.autosport.com/gp.php?l=0&d=11&r=20171113&c=134","indycar~2017~13~4",FALSE
"indycar",2017,16,1,"http://forix.autosport.com/gp.php?l=0&d=11&r=20171116&c=131","indycar~2017~16~1",FALSE
"indycar",2017,16,2,"http://forix.autosport.com/gp.php?l=0&d=11&r=20171116&c=132","indycar~2017~16~2",FALSE
"indycar",2017,16,3,"http://forix.autosport.com/gp.php?l=0&d=11&r=20171116&c=133","indycar~2017~16~3",FALSE
"indycar",2017,16,4,"http://forix.autosport.com/gp.php?l=0&d=11&r=20171116&c=134","indycar~2017~16~4",FALSE
"indycar",2017,17,1,"http://forix.autosport.com/gp.php?l=0&d=11&r=20171117&c=131","indycar~2017~17~1",FALSE
"indycar",2017,17,2,"http://forix.autosport.com/gp.php?l=0&d=11&r=20171117&c=132","indycar~2017~17~2",FALSE
"indycar",2017,17,3,"http://forix.autosport.com/gp.php?l=0&d=11&r=20171117&c=133","indycar~2017~17~3",FALSE
"indycar",2017,17,4,"http://forix.autosport.com/gp.php?l=0&d=11&r=20171117&c=134","indycar~2017~17~4",FALSE
"indycar",2018,1,1,"http://forix.autosport.com/gp.php?l=0&d=11&r=20181101&c=131","indycar~2018~1~1",FALSE
"indycar",2018,1,2,"http://forix.autosport.com/gp.php?l=0&d=11&r=20181101&c=132","indycar~2018~1~2",FALSE
"indycar",2018,1,3,"http://forix.autosport.com/gp.php?l=0&d=11&r=20181101&c=133","indycar~2018~1~3",FALSE
"indycar",2018,1,4,"http://forix.autosport.com/gp.php?l=0&d=11&r=20181101&c=134","indycar~2018~1~4",FALSE
"indycar",2018,3,1,"http://forix.autosport.com/gp.php?l=0&d=11&r=20181103&c=131","indycar~2018~3~1",FALSE
"indycar",2018,3,2,"http://forix.autosport.com/gp.php?l=0&d=11&r=20181103&c=132","indycar~2018~3~2",FALSE
"indycar",2018,3,3,"http://forix.autosport.com/gp.php?l=0&d=11&r=20181103&c=133","indycar~2018~3~3",FALSE
"indycar",2018,3,4,"http://forix.autosport.com/gp.php?l=0&d=11&r=20181103&c=134","indycar~2018~3~4",FALSE
"indycar",2018,4,1,"http://forix.autosport.com/gp.php?l=0&d=11&r=20181104&c=131","indycar~2018~4~1",FALSE
"indycar",2018,4,2,"http://forix.autosport.com/gp.php?l=0&d=11&r=20181104&c=132","indycar~2018~4~2",FALSE
"indycar",2018,4,3,"http://forix.autosport.com/gp.php?l=0&d=11&r=20181104&c=133","indycar~2018~4~3",FALSE
"indycar",2018,4,4,"http://forix.autosport.com/gp.php?l=0&d=11&r=20181104&c=134","indycar~2018~4~4",FALSE
"indycar",2018,5,1,"http://forix.autosport.com/gp.php?l=0&d=11&r=20181105&c=131","indycar~2018~5~1",FALSE
"indycar",2018,5,2,"http://forix.autosport.com/gp.php?l=0&d=11&r=20181105&c=132","indycar~2018~5~2",FALSE
"indycar",2018,5,3,"http://forix.autosport.com/gp.php?l=0&d=11&r=20181105&c=133","indycar~2018~5~3",FALSE
"indycar",2018,5,4,"http://forix.autosport.com/gp.php?l=0&d=11&r=20181105&c=134","indycar~2018~5~4",FALSE
"indycar",2018,7,1,"http://forix.autosport.com/gp.php?l=0&d=11&r=20181107&c=131","indycar~2018~7~1",FALSE
"indycar",2018,7,2,"http://forix.autosport.com/gp.php?l=0&d=11&r=20181107&c=132","indycar~2018~7~2",FALSE
"indycar",2018,7,3,"http://forix.autosport.com/gp.php?l=0&d=11&r=20181107&c=133","indycar~2018~7~3",TRUE
"indycar",2018,7,4,"http://forix.autosport.com/gp.php?l=0&d=11&r=20181107&c=134","indycar~2018~7~4",TRUE
"indycar",2018,8,1,"http://forix.autosport.com/gp.php?l=0&d=11&r=20181108&c=131","indycar~2018~8~1",FALSE
"indycar",2018,8,2,"http://forix.autosport.com/gp.php?l=0&d=11&r=20181108&c=132","indycar~2018~8~2",FALSE
"indycar",2018,8,3,"http://forix.autosport.com/gp.php?l=0&d=11&r=20181108&c=133","indycar~2018~8~3",TRUE
"indycar",2018,8,4,"http://forix.autosport.com/gp.php?l=0&d=11&r=20181108&c=134","indycar~2018~8~4",TRUE
"indycar",2018,10,1,"http://forix.autosport.com/gp.php?l=0&d=11&r=20181110&c=131","indycar~2018~10~1",FALSE
"indycar",2018,10,2,"http://forix.autosport.com/gp.php?l=0&d=11&r=20181110&c=132","indycar~2018~10~2",FALSE
"indycar",2018,10,3,"http://forix.autosport.com/gp.php?l=0&d=11&r=20181110&c=133","indycar~2018~10~3",FALSE
"indycar",2018,10,4,"http://forix.autosport.com/gp.php?l=0&d=11&r=20181110&c=134","indycar~2018~10~4",FALSE
"indycar",2018,12,1,"http://forix.autosport.com/gp.php?l=0&d=11&r=20181112&c=131","indycar~2018~12~1",FALSE
"indycar",2018,12,2,"http://forix.autosport.com/gp.php?l=0&d=11&r=20181112&c=132","indycar~2018~12~2",FALSE
"indycar",2018,12,3,"http://forix.autosport.com/gp.php?l=0&d=11&r=20181112&c=133","indycar~2018~12~3",FALSE
"indycar",2018,12,4,"http://forix.autosport.com/gp.php?l=0&d=11&r=20181112&c=134","indycar~2018~12~4",FALSE
"indycar",2018,13,1,"http://forix.autosport.com/gp.php?l=0&d=11&r=20181113&c=131","indycar~2018~13~1",FALSE
"indycar",2018,13,2,"http://forix.autosport.com/gp.php?l=0&d=11&r=20181113&c=132","indycar~2018~13~2",FALSE
"indycar",2018,13,3,"http://forix.autosport.com/gp.php?l=0&d=11&r=20181113&c=133","indycar~2018~13~3",FALSE
"indycar",2018,13,4,"http://forix.autosport.com/gp.php?l=0&d=11&r=20181113&c=134","indycar~2018~13~4",FALSE
"indycar",2018,16,1,"http://forix.autosport.com/gp.php?l=0&d=11&r=20181116&c=131","indycar~2018~16~1",FALSE
"indycar",2018,16,2,"http://forix.autosport.com/gp.php?l=0&d=11&r=20181116&c=132","indycar~2018~16~2",FALSE
"indycar",2018,16,3,"http://forix.autosport.com/gp.php?l=0&d=11&r=20181116&c=133","indycar~2018~16~3",FALSE
"indycar",2018,16,4,"http://forix.autosport.com/gp.php?l=0&d=11&r=20181116&c=134","indycar~2018~16~4",FALSE
"indycar",2018,17,1,"http://forix.autosport.com/gp.php?l=0&d=11&r=20181117&c=131","indycar~2018~17~1",FALSE
"indycar",2018,17,2,"http://forix.autosport.com/gp.php?l=0&d=11&r=20181117&c=132","indycar~2018~17~2",FALSE
"indycar",2018,17,3,"http://forix.autosport.com/gp.php?l=0&d=11&r=20181117&c=133","indycar~2018~17~3",FALSE
"indycar",2018,17,4,"http://forix.autosport.com/gp.php?l=0&d=11&r=20181117&c=134","indycar~2018~17~4",FALSE
"fnippon",2015,1,1,"http://forix.autosport.com/gp.php?l=0&d=303&r=20153031&c=131","fnippon~2015~1~1",FALSE
"fnippon",2015,1,2,"http://forix.autosport.com/gp.php?l=0&d=303&r=20153031&c=132","fnippon~2015~1~2",FALSE
"fnippon",2015,1,3,"http://forix.autosport.com/gp.php?l=0&d=303&r=20153031&c=133","fnippon~2015~1~3",FALSE
"fnippon",2015,2,1,"http://forix.autosport.com/gp.php?l=0&d=303&r=20153032&c=131","fnippon~2015~2~1",FALSE
"fnippon",2015,2,2,"http://forix.autosport.com/gp.php?l=0&d=303&r=20153032&c=132","fnippon~2015~2~2",FALSE
"fnippon",2015,2,3,"http://forix.autosport.com/gp.php?l=0&d=303&r=20153032&c=133","fnippon~2015~2~3",FALSE
"fnippon",2015,3,1,"http://forix.autosport.com/gp.php?l=0&d=303&r=20153033&c=131","fnippon~2015~3~1",FALSE
"fnippon",2015,3,2,"http://forix.autosport.com/gp.php?l=0&d=303&r=20153033&c=132","fnippon~2015~3~2",FALSE
"fnippon",2015,3,3,"http://forix.autosport.com/gp.php?l=0&d=303&r=20153033&c=133","fnippon~2015~3~3",FALSE
"fnippon",2015,4,1,"http://forix.autosport.com/gp.php?l=0&d=303&r=20153034&c=131","fnippon~2015~4~1",FALSE
"fnippon",2015,4,2,"http://forix.autosport.com/gp.php?l=0&d=303&r=20153034&c=132","fnippon~2015~4~2",FALSE
"fnippon",2015,4,3,"http://forix.autosport.com/gp.php?l=0&d=303&r=20153034&c=133","fnippon~2015~4~3",FALSE
"fnippon",2015,5,1,"http://forix.autosport.com/gp.php?l=0&d=303&r=20153035&c=131","fnippon~2015~5~1",FALSE
"fnippon",2015,5,2,"http://forix.autosport.com/gp.php?l=0&d=303&r=20153035&c=132","fnippon~2015~5~2",FALSE
"fnippon",2015,5,3,"http://forix.autosport.com/gp.php?l=0&d=303&r=20153035&c=133","fnippon~2015~5~3",FALSE
"fnippon",2015,6,1,"http://forix.autosport.com/gp.php?l=0&d=303&r=20153036&c=131","fnippon~2015~6~1",FALSE
"fnippon",2015,6,2,"http://forix.autosport.com/gp.php?l=0&d=303&r=20153036&c=132","fnippon~2015~6~2",FALSE
"fnippon",2015,6,3,"http://forix.autosport.com/gp.php?l=0&d=303&r=20153036&c=133","fnippon~2015~6~3",FALSE
"fnippon",2015,7,1,"http://forix.autosport.com/gp.php?l=0&d=303&r=20153037&c=131","fnippon~2015~7~1",FALSE
"fnippon",2015,7,2,"http://forix.autosport.com/gp.php?l=0&d=303&r=20153037&c=132","fnippon~2015~7~2",FALSE
"fnippon",2015,7,3,"http://forix.autosport.com/gp.php?l=0&d=303&r=20153037&c=133","fnippon~2015~7~3",FALSE
"fnippon",2015,8,1,"http://forix.autosport.com/gp.php?l=0&d=303&r=20153038&c=131","fnippon~2015~8~1",TRUE
"fnippon",2015,8,2,"http://forix.autosport.com/gp.php?l=0&d=303&r=20153038&c=132","fnippon~2015~8~2",TRUE
"fnippon",2015,8,3,"http://forix.autosport.com/gp.php?l=0&d=303&r=20153038&c=133","fnippon~2015~8~3",TRUE
"fnippon",2016,1,1,"http://forix.autosport.com/gp.php?l=0&d=303&r=20163031&c=131","fnippon~2016~1~1",FALSE
"fnippon",2016,1,2,"http://forix.autosport.com/gp.php?l=0&d=303&r=20163031&c=132","fnippon~2016~1~2",FALSE
"fnippon",2016,1,3,"http://forix.autosport.com/gp.php?l=0&d=303&r=20163031&c=133","fnippon~2016~1~3",FALSE
"fnippon",2016,2,1,"http://forix.autosport.com/gp.php?l=0&d=303&r=20163032&c=131","fnippon~2016~2~1",FALSE
"fnippon",2016,2,2,"http://forix.autosport.com/gp.php?l=0&d=303&r=20163032&c=132","fnippon~2016~2~2",FALSE
"fnippon",2016,2,3,"http://forix.autosport.com/gp.php?l=0&d=303&r=20163032&c=133","fnippon~2016~2~3",FALSE
"fnippon",2016,3,1,"http://forix.autosport.com/gp.php?l=0&d=303&r=20163033&c=131","fnippon~2016~3~1",FALSE
"fnippon",2016,3,2,"http://forix.autosport.com/gp.php?l=0&d=303&r=20163033&c=132","fnippon~2016~3~2",FALSE
"fnippon",2016,3,3,"http://forix.autosport.com/gp.php?l=0&d=303&r=20163033&c=133","fnippon~2016~3~3",FALSE
"fnippon",2016,4,1,"http://forix.autosport.com/gp.php?l=0&d=303&r=20163034&c=131","fnippon~2016~4~1",FALSE
"fnippon",2016,4,2,"http://forix.autosport.com/gp.php?l=0&d=303&r=20163034&c=132","fnippon~2016~4~2",FALSE
"fnippon",2016,4,3,"http://forix.autosport.com/gp.php?l=0&d=303&r=20163034&c=133","fnippon~2016~4~3",FALSE
"fnippon",2016,5,1,"http://forix.autosport.com/gp.php?l=0&d=303&r=20163035&c=131","fnippon~2016~5~1",TRUE
"fnippon",2016,5,2,"http://forix.autosport.com/gp.php?l=0&d=303&r=20163035&c=132","fnippon~2016~5~2",TRUE
"fnippon",2016,5,3,"http://forix.autosport.com/gp.php?l=0&d=303&r=20163035&c=133","fnippon~2016~5~3",TRUE
"fnippon",2016,6,1,"http://forix.autosport.com/gp.php?l=0&d=303&r=20163036&c=131","fnippon~2016~6~1",FALSE
"fnippon",2016,6,2,"http://forix.autosport.com/gp.php?l=0&d=303&r=20163036&c=132","fnippon~2016~6~2",FALSE
"fnippon",2016,6,3,"http://forix.autosport.com/gp.php?l=0&d=303&r=20163036&c=133","fnippon~2016~6~3",TRUE
"fnippon",2016,7,1,"http://forix.autosport.com/gp.php?l=0&d=303&r=20163037&c=131","fnippon~2016~7~1",FALSE
"fnippon",2016,7,2,"http://forix.autosport.com/gp.php?l=0&d=303&r=20163037&c=132","fnippon~2016~7~2",FALSE
"fnippon",2016,7,3,"http://forix.autosport.com/gp.php?l=0&d=303&r=20163037&c=133","fnippon~2016~7~3",FALSE
"fnippon",2016,8,1,"http://forix.autosport.com/gp.php?l=0&d=303&r=20163038&c=131","fnippon~2016~8~1",FALSE
"fnippon",2016,8,2,"http://forix.autosport.com/gp.php?l=0&d=303&r=20163038&c=132","fnippon~2016~8~2",FALSE
"fnippon",2016,8,3,"http://forix.autosport.com/gp.php?l=0&d=303&r=20163038&c=133","fnippon~2016~8~3",FALSE
"fnippon",2016,9,1,"http://forix.autosport.com/gp.php?l=0&d=303&r=20163039&c=131","fnippon~2016~9~1",TRUE
"fnippon",2016,9,2,"http://forix.autosport.com/gp.php?l=0&d=303&r=20163039&c=132","fnippon~2016~9~2",TRUE
"fnippon",2016,9,3,"http://forix.autosport.com/gp.php?l=0&d=303&r=20163039&c=133","fnippon~2016~9~3",TRUE
"fnippon",2017,1,1,"http://forix.autosport.com/gp.php?l=0&d=303&r=20173031&c=131","fnippon~2017~1~1",FALSE
"fnippon",2017,1,2,"http://forix.autosport.com/gp.php?l=0&d=303&r=20173031&c=132","fnippon~2017~1~2",FALSE
"fnippon",2017,1,3,"http://forix.autosport.com/gp.php?l=0&d=303&r=20173031&c=133","fnippon~2017~1~3",FALSE
"fnippon",2017,2,1,"http://forix.autosport.com/gp.php?l=0&d=303&r=20173032&c=131","fnippon~2017~2~1",TRUE
"fnippon",2017,2,2,"http://forix.autosport.com/gp.php?l=0&d=303&r=20173032&c=132","fnippon~2017~2~2",TRUE
"fnippon",2017,2,3,"http://forix.autosport.com/gp.php?l=0&d=303&r=20173032&c=133","fnippon~2017~2~3",TRUE
"fnippon",2017,3,1,"http://forix.autosport.com/gp.php?l=0&d=303&r=20173033&c=131","fnippon~2017~3~1",FALSE
"fnippon",2017,3,2,"http://forix.autosport.com/gp.php?l=0&d=303&r=20173033&c=132","fnippon~2017~3~2",FALSE
"fnippon",2017,3,3,"http://forix.autosport.com/gp.php?l=0&d=303&r=20173033&c=133","fnippon~2017~3~3",TRUE
"fnippon",2017,4,1,"http://forix.autosport.com/gp.php?l=0&d=303&r=20173034&c=131","fnippon~2017~4~1",FALSE
"fnippon",2017,4,2,"http://forix.autosport.com/gp.php?l=0&d=303&r=20173034&c=132","fnippon~2017~4~2",FALSE
"fnippon",2017,4,3,"http://forix.autosport.com/gp.php?l=0&d=303&r=20173034&c=133","fnippon~2017~4~3",FALSE
"fnippon",2017,5,1,"http://forix.autosport.com/gp.php?l=0&d=303&r=20173035&c=131","fnippon~2017~5~1",FALSE
"fnippon",2017,5,2,"http://forix.autosport.com/gp.php?l=0&d=303&r=20173035&c=132","fnippon~2017~5~2",FALSE
"fnippon",2017,5,3,"http://forix.autosport.com/gp.php?l=0&d=303&r=20173035&c=133","fnippon~2017~5~3",FALSE
"fnippon",2017,6,1,"http://forix.autosport.com/gp.php?l=0&d=303&r=20173036&c=131","fnippon~2017~6~1",FALSE
"fnippon",2017,6,2,"http://forix.autosport.com/gp.php?l=0&d=303&r=20173036&c=132","fnippon~2017~6~2",FALSE
"fnippon",2017,6,3,"http://forix.autosport.com/gp.php?l=0&d=303&r=20173036&c=133","fnippon~2017~6~3",FALSE
"fnippon",2017,7,1,"http://forix.autosport.com/gp.php?l=0&d=303&r=20173037&c=131","fnippon~2017~7~1",FALSE
"fnippon",2017,7,2,"http://forix.autosport.com/gp.php?l=0&d=303&r=20173037&c=132","fnippon~2017~7~2",FALSE
"fnippon",2017,7,3,"http://forix.autosport.com/gp.php?l=0&d=303&r=20173037&c=133","fnippon~2017~7~3",FALSE
"fnippon",2017,8,1,"http://forix.autosport.com/gp.php?l=0&d=303&r=20173038&c=131","fnippon~2017~8~1",TRUE
"fnippon",2017,8,2,"http://forix.autosport.com/gp.php?l=0&d=303&r=20173038&c=132","fnippon~2017~8~2",TRUE
"fnippon",2017,8,3,"http://forix.autosport.com/gp.php?l=0&d=303&r=20173038&c=133","fnippon~2017~8~3",TRUE
"fnippon",2017,9,1,"http://forix.autosport.com/gp.php?l=0&d=303&r=20173039&c=131","fnippon~2017~9~1",TRUE
"fnippon",2017,9,2,"http://forix.autosport.com/gp.php?l=0&d=303&r=20173039&c=132","fnippon~2017~9~2",TRUE
"fnippon",2017,9,3,"http://forix.autosport.com/gp.php?l=0&d=303&r=20173039&c=133","fnippon~2017~9~3",TRUE
"fnippon",2018,1,1,"http://forix.autosport.com/gp.php?l=0&d=303&r=20183031&c=131","fnippon~2018~1~1",FALSE
"fnippon",2018,1,2,"http://forix.autosport.com/gp.php?l=0&d=303&r=20183031&c=132","fnippon~2018~1~2",FALSE
"fnippon",2018,1,3,"http://forix.autosport.com/gp.php?l=0&d=303&r=20183031&c=133","fnippon~2018~1~3",FALSE
"fnippon",2018,2,1,"http://forix.autosport.com/gp.php?l=0&d=303&r=20183032&c=131","fnippon~2018~2~1",FALSE
"fnippon",2018,2,2,"http://forix.autosport.com/gp.php?l=0&d=303&r=20183032&c=132","fnippon~2018~2~2",FALSE
"fnippon",2018,2,3,"http://forix.autosport.com/gp.php?l=0&d=303&r=20183032&c=133","fnippon~2018~2~3",FALSE
"fnippon",2018,3,1,"http://forix.autosport.com/gp.php?l=0&d=303&r=20183033&c=131","fnippon~2018~3~1",FALSE
"fnippon",2018,3,2,"http://forix.autosport.com/gp.php?l=0&d=303&r=20183033&c=132","fnippon~2018~3~2",FALSE
"fnippon",2018,3,3,"http://forix.autosport.com/gp.php?l=0&d=303&r=20183033&c=133","fnippon~2018~3~3",FALSE
"fnippon",2018,4,1,"http://forix.autosport.com/gp.php?l=0&d=303&r=20183034&c=131","fnippon~2018~4~1",FALSE
"fnippon",2018,4,2,"http://forix.autosport.com/gp.php?l=0&d=303&r=20183034&c=132","fnippon~2018~4~2",FALSE
"fnippon",2018,4,3,"http://forix.autosport.com/gp.php?l=0&d=303&r=20183034&c=133","fnippon~2018~4~3",FALSE
"fnippon",2018,5,1,"http://forix.autosport.com/gp.php?l=0&d=303&r=20183035&c=131","fnippon~2018~5~1",FALSE
"fnippon",2018,5,2,"http://forix.autosport.com/gp.php?l=0&d=303&r=20183035&c=132","fnippon~2018~5~2",FALSE
"fnippon",2018,5,3,"http://forix.autosport.com/gp.php?l=0&d=303&r=20183035&c=133","fnippon~2018~5~3",FALSE
"fnippon",2018,6,1,"http://forix.autosport.com/gp.php?l=0&d=303&r=20183036&c=131","fnippon~2018~6~1",FALSE
"fnippon",2018,6,2,"http://forix.autosport.com/gp.php?l=0&d=303&r=20183036&c=132","fnippon~2018~6~2",FALSE
"fnippon",2018,6,3,"http://forix.autosport.com/gp.php?l=0&d=303&r=20183036&c=133","fnippon~2018~6~3",FALSE
"fnippon",2018,7,1,"http://forix.autosport.com/gp.php?l=0&d=303&r=20183037&c=131","fnippon~2018~7~1",FALSE
"fnippon",2018,7,2,"http://forix.autosport.com/gp.php?l=0&d=303&r=20183037&c=132","fnippon~2018~7~2",FALSE
"fnippon",2018,7,3,"http://forix.autosport.com/gp.php?l=0&d=303&r=20183037&c=133","fnippon~2018~7~3",FALSE
"dtm",2015,1,1,"http://forix.autosport.com/gp.php?l=0&d=72&r=20157201&c=130","dtm~2015~1~1",FALSE
"dtm",2015,2,1,"http://forix.autosport.com/gp.php?l=0&d=72&r=20157202&c=130","dtm~2015~2~1",FALSE
"dtm",2015,3,1,"http://forix.autosport.com/gp.php?l=0&d=72&r=20157203&c=130","dtm~2015~3~1",FALSE
"dtm",2015,4,1,"http://forix.autosport.com/gp.php?l=0&d=72&r=20157204&c=130","dtm~2015~4~1",FALSE
"dtm",2015,5,1,"http://forix.autosport.com/gp.php?l=0&d=72&r=20157205&c=130","dtm~2015~5~1",FALSE
"dtm",2015,6,1,"http://forix.autosport.com/gp.php?l=0&d=72&r=20157206&c=130","dtm~2015~6~1",FALSE
"dtm",2015,7,1,"http://forix.autosport.com/gp.php?l=0&d=72&r=20157207&c=130","dtm~2015~7~1",FALSE
"dtm",2015,8,1,"http://forix.autosport.com/gp.php?l=0&d=72&r=20157208&c=130","dtm~2015~8~1",FALSE
"dtm",2015,9,1,"http://forix.autosport.com/gp.php?l=0&d=72&r=20157209&c=130","dtm~2015~9~1",FALSE
"dtm",2015,10,1,"http://forix.autosport.com/gp.php?l=0&d=72&r=20157210&c=130","dtm~2015~10~1",FALSE
"dtm",2015,11,1,"http://forix.autosport.com/gp.php?l=0&d=72&r=20157211&c=130","dtm~2015~11~1",FALSE
"dtm",2015,12,1,"http://forix.autosport.com/gp.php?l=0&d=72&r=20157212&c=130","dtm~2015~12~1",FALSE
"dtm",2015,13,1,"http://forix.autosport.com/gp.php?l=0&d=72&r=20157213&c=130","dtm~2015~13~1",FALSE
"dtm",2015,14,1,"http://forix.autosport.com/gp.php?l=0&d=72&r=20157214&c=130","dtm~2015~14~1",FALSE
"dtm",2015,15,1,"http://forix.autosport.com/gp.php?l=0&d=72&r=20157215&c=130","dtm~2015~15~1",FALSE
"dtm",2015,16,1,"http://forix.autosport.com/gp.php?l=0&d=72&r=20157216&c=130","dtm~2015~16~1",FALSE
"dtm",2015,17,1,"http://forix.autosport.com/gp.php?l=0&d=72&r=20157217&c=130","dtm~2015~17~1",FALSE
"dtm",2015,18,1,"http://forix.autosport.com/gp.php?l=0&d=72&r=20157218&c=130","dtm~2015~18~1",FALSE
"dtm",2016,1,1,"http://forix.autosport.com/gp.php?l=0&d=72&r=20167201&c=130","dtm~2016~1~1",FALSE
"dtm",2016,2,1,"http://forix.autosport.com/gp.php?l=0&d=72&r=20167202&c=130","dtm~2016~2~1",FALSE
"dtm",2016,3,1,"http://forix.autosport.com/gp.php?l=0&d=72&r=20167203&c=130","dtm~2016~3~1",FALSE
"dtm",2016,4,1,"http://forix.autosport.com/gp.php?l=0&d=72&r=20167204&c=130","dtm~2016~4~1",FALSE
"dtm",2016,5,1,"http://forix.autosport.com/gp.php?l=0&d=72&r=20167205&c=130","dtm~2016~5~1",FALSE
"dtm",2016,6,1,"http://forix.autosport.com/gp.php?l=0&d=72&r=20167206&c=130","dtm~2016~6~1",FALSE
"dtm",2016,7,1,"http://forix.autosport.com/gp.php?l=0&d=72&r=20167207&c=130","dtm~2016~7~1",FALSE
"dtm",2016,8,1,"http://forix.autosport.com/gp.php?l=0&d=72&r=20167208&c=130","dtm~2016~8~1",FALSE
"dtm",2016,9,1,"http://forix.autosport.com/gp.php?l=0&d=72&r=20167209&c=130","dtm~2016~9~1",FALSE
"dtm",2016,10,1,"http://forix.autosport.com/gp.php?l=0&d=72&r=20167210&c=130","dtm~2016~10~1",FALSE
"dtm",2016,11,1,"http://forix.autosport.com/gp.php?l=0&d=72&r=20167211&c=130","dtm~2016~11~1",FALSE
"dtm",2016,12,1,"http://forix.autosport.com/gp.php?l=0&d=72&r=20167212&c=130","dtm~2016~12~1",FALSE
"dtm",2016,13,1,"http://forix.autosport.com/gp.php?l=0&d=72&r=20167213&c=130","dtm~2016~13~1",FALSE
"dtm",2016,14,1,"http://forix.autosport.com/gp.php?l=0&d=72&r=20167214&c=130","dtm~2016~14~1",FALSE
"dtm",2016,15,1,"http://forix.autosport.com/gp.php?l=0&d=72&r=20167215&c=130","dtm~2016~15~1",FALSE
"dtm",2016,16,1,"http://forix.autosport.com/gp.php?l=0&d=72&r=20167216&c=130","dtm~2016~16~1",FALSE
"dtm",2016,17,1,"http://forix.autosport.com/gp.php?l=0&d=72&r=20167217&c=130","dtm~2016~17~1",FALSE
"dtm",2016,18,1,"http://forix.autosport.com/gp.php?l=0&d=72&r=20167218&c=130","dtm~2016~18~1",FALSE
"dtm",2017,1,1,"http://forix.autosport.com/gp.php?l=0&d=72&r=20177201&c=130","dtm~2017~1~1",FALSE
"dtm",2017,2,1,"http://forix.autosport.com/gp.php?l=0&d=72&r=20177202&c=130","dtm~2017~2~1",FALSE
"dtm",2017,3,1,"http://forix.autosport.com/gp.php?l=0&d=72&r=20177203&c=130","dtm~2017~3~1",FALSE
"dtm",2017,4,1,"http://forix.autosport.com/gp.php?l=0&d=72&r=20177204&c=130","dtm~2017~4~1",FALSE
"dtm",2017,5,1,"http://forix.autosport.com/gp.php?l=0&d=72&r=20177205&c=130","dtm~2017~5~1",FALSE
"dtm",2017,6,1,"http://forix.autosport.com/gp.php?l=0&d=72&r=20177206&c=130","dtm~2017~6~1",FALSE
"dtm",2017,7,1,"http://forix.autosport.com/gp.php?l=0&d=72&r=20177207&c=130","dtm~2017~7~1",FALSE
"dtm",2017,8,1,"http://forix.autosport.com/gp.php?l=0&d=72&r=20177208&c=130","dtm~2017~8~1",FALSE
"dtm",2017,9,1,"http://forix.autosport.com/gp.php?l=0&d=72&r=20177209&c=130","dtm~2017~9~1",FALSE
"dtm",2017,10,1,"http://forix.autosport.com/gp.php?l=0&d=72&r=20177210&c=130","dtm~2017~10~1",FALSE
"dtm",2017,11,1,"http://forix.autosport.com/gp.php?l=0&d=72&r=20177211&c=130","dtm~2017~11~1",FALSE
"dtm",2017,12,1,"http://forix.autosport.com/gp.php?l=0&d=72&r=20177212&c=130","dtm~2017~12~1",FALSE
"dtm",2017,13,1,"http://forix.autosport.com/gp.php?l=0&d=72&r=20177213&c=130","dtm~2017~13~1",FALSE
"dtm",2017,14,1,"http://forix.autosport.com/gp.php?l=0&d=72&r=20177214&c=130","dtm~2017~14~1",FALSE
"dtm",2017,15,1,"http://forix.autosport.com/gp.php?l=0&d=72&r=20177215&c=130","dtm~2017~15~1",FALSE
"dtm",2017,16,1,"http://forix.autosport.com/gp.php?l=0&d=72&r=20177216&c=130","dtm~2017~16~1",FALSE
"dtm",2017,17,1,"http://forix.autosport.com/gp.php?l=0&d=72&r=20177217&c=130","dtm~2017~17~1",FALSE
"dtm",2017,18,1,"http://forix.autosport.com/gp.php?l=0&d=72&r=20177218&c=130","dtm~2017~18~1",FALSE
"dtm",2018,1,1,"http://forix.autosport.com/gp.php?l=0&d=72&r=20187201&c=130","dtm~2018~1~1",FALSE
"dtm",2018,2,1,"http://forix.autosport.com/gp.php?l=0&d=72&r=20187202&c=130","dtm~2018~2~1",FALSE
"dtm",2018,3,1,"http://forix.autosport.com/gp.php?l=0&d=72&r=20187203&c=130","dtm~2018~3~1",FALSE
"dtm",2018,4,1,"http://forix.autosport.com/gp.php?l=0&d=72&r=20187204&c=130","dtm~2018~4~1",FALSE
"dtm",2018,5,1,"http://forix.autosport.com/gp.php?l=0&d=72&r=20187205&c=130","dtm~2018~5~1",FALSE
"dtm",2018,6,1,"http://forix.autosport.com/gp.php?l=0&d=72&r=20187206&c=130","dtm~2018~6~1",FALSE
"dtm",2018,7,1,"http://forix.autosport.com/gp.php?l=0&d=72&r=20187207&c=130","dtm~2018~7~1",FALSE
"dtm",2018,8,1,"http://forix.autosport.com/gp.php?l=0&d=72&r=20187208&c=130","dtm~2018~8~1",FALSE
"dtm",2018,9,1,"http://forix.autosport.com/gp.php?l=0&d=72&r=20187209&c=130","dtm~2018~9~1",FALSE
"dtm",2018,10,1,"http://forix.autosport.com/gp.php?l=0&d=72&r=20187210&c=130","dtm~2018~10~1",FALSE
"dtm",2018,11,1,"http://forix.autosport.com/gp.php?l=0&d=72&r=20187211&c=130","dtm~2018~11~1",FALSE
"dtm",2018,12,1,"http://forix.autosport.com/gp.php?l=0&d=72&r=20187212&c=130","dtm~2018~12~1",FALSE
"dtm",2018,13,1,"http://forix.autosport.com/gp.php?l=0&d=72&r=20187213&c=130","dtm~2018~13~1",FALSE
"dtm",2018,14,1,"http://forix.autosport.com/gp.php?l=0&d=72&r=20187214&c=130","dtm~2018~14~1",FALSE
"dtm",2018,15,1,"http://forix.autosport.com/gp.php?l=0&d=72&r=20187215&c=130","dtm~2018~15~1",FALSE
"dtm",2018,16,1,"http://forix.autosport.com/gp.php?l=0&d=72&r=20187216&c=130","dtm~2018~16~1",FALSE
"dtm",2018,17,1,"http://forix.autosport.com/gp.php?l=0&d=72&r=20187217&c=130","dtm~2018~17~1",FALSE
"dtm",2018,18,1,"http://forix.autosport.com/gp.php?l=0&d=72&r=20187218&c=130","dtm~2018~18~1",FALSE
"dtm",2018,19,1,"http://forix.autosport.com/gp.php?l=0&d=72&r=20187219&c=130","dtm~2018~19~1",FALSE
"dtm",2018,20,1,"http://forix.autosport.com/gp.php?l=0&d=72&r=20187220&c=130","dtm~2018~20~1",FALSE
"wec",2015,1,1,"http://forix.autosport.com/gp.php?l=0&d=630&r=20156091&c=131","wec~2015~1~1",FALSE
"wec",2015,1,2,"http://forix.autosport.com/gp.php?l=0&d=630&r=20156091&c=132","wec~2015~1~2",FALSE
"wec",2015,2,1,"http://forix.autosport.com/gp.php?l=0&d=630&r=20156092&c=131","wec~2015~2~1",FALSE
"wec",2015,2,2,"http://forix.autosport.com/gp.php?l=0&d=630&r=20156092&c=132","wec~2015~2~2",FALSE
"wec",2015,3,1,"http://forix.autosport.com/gp.php?l=0&d=630&r=20156093&c=131","wec~2015~3~1",FALSE
"wec",2015,3,2,"http://forix.autosport.com/gp.php?l=0&d=630&r=20156093&c=132","wec~2015~3~2",FALSE
"wec",2015,4,1,"http://forix.autosport.com/gp.php?l=0&d=630&r=20156094&c=131","wec~2015~4~1",FALSE
"wec",2015,4,2,"http://forix.autosport.com/gp.php?l=0&d=630&r=20156094&c=132","wec~2015~4~2",FALSE
"wec",2015,5,1,"http://forix.autosport.com/gp.php?l=0&d=630&r=20156095&c=131","wec~2015~5~1",FALSE
"wec",2015,5,2,"http://forix.autosport.com/gp.php?l=0&d=630&r=20156095&c=132","wec~2015~5~2",FALSE
"wec",2015,6,1,"http://forix.autosport.com/gp.php?l=0&d=630&r=20156096&c=131","wec~2015~6~1",FALSE
"wec",2015,6,2,"http://forix.autosport.com/gp.php?l=0&d=630&r=20156096&c=132","wec~2015~6~2",FALSE
"wec",2015,7,1,"http://forix.autosport.com/gp.php?l=0&d=630&r=20156097&c=131","wec~2015~7~1",FALSE
"wec",2015,7,2,"http://forix.autosport.com/gp.php?l=0&d=630&r=20156097&c=132","wec~2015~7~2",FALSE
"wec",2015,8,1,"http://forix.autosport.com/gp.php?l=0&d=630&r=20156098&c=131","wec~2015~8~1",FALSE
"wec",2015,8,2,"http://forix.autosport.com/gp.php?l=0&d=630&r=20156098&c=132","wec~2015~8~2",FALSE
"wec",2016,1,1,"http://forix.autosport.com/gp.php?l=0&d=630&r=20166091&c=131","wec~2016~1~1",FALSE
"wec",2016,1,2,"http://forix.autosport.com/gp.php?l=0&d=630&r=20166091&c=132","wec~2016~1~2",FALSE
"wec",2016,2,1,"http://forix.autosport.com/gp.php?l=0&d=630&r=20166092&c=131","wec~2016~2~1",FALSE
"wec",2016,2,2,"http://forix.autosport.com/gp.php?l=0&d=630&r=20166092&c=132","wec~2016~2~2",FALSE
"wec",2016,3,1,"http://forix.autosport.com/gp.php?l=0&d=630&r=20166093&c=131","wec~2016~3~1",FALSE
"wec",2016,3,2,"http://forix.autosport.com/gp.php?l=0&d=630&r=20166093&c=132","wec~2016~3~2",FALSE
"wec",2016,4,1,"http://forix.autosport.com/gp.php?l=0&d=630&r=20166094&c=131","wec~2016~4~1",FALSE
"wec",2016,4,2,"http://forix.autosport.com/gp.php?l=0&d=630&r=20166094&c=132","wec~2016~4~2",FALSE
"wec",2016,5,1,"http://forix.autosport.com/gp.php?l=0&d=630&r=20166095&c=131","wec~2016~5~1",FALSE
"wec",2016,5,2,"http://forix.autosport.com/gp.php?l=0&d=630&r=20166095&c=132","wec~2016~5~2",FALSE
"wec",2016,6,1,"http://forix.autosport.com/gp.php?l=0&d=630&r=20166096&c=131","wec~2016~6~1",FALSE
"wec",2016,6,2,"http://forix.autosport.com/gp.php?l=0&d=630&r=20166096&c=132","wec~2016~6~2",FALSE
"wec",2016,7,1,"http://forix.autosport.com/gp.php?l=0&d=630&r=20166097&c=131","wec~2016~7~1",FALSE
"wec",2016,7,2,"http://forix.autosport.com/gp.php?l=0&d=630&r=20166097&c=132","wec~2016~7~2",FALSE
"wec",2016,8,1,"http://forix.autosport.com/gp.php?l=0&d=630&r=20166098&c=131","wec~2016~8~1",FALSE
"wec",2016,8,2,"http://forix.autosport.com/gp.php?l=0&d=630&r=20166098&c=132","wec~2016~8~2",FALSE
"wec",2016,9,1,"http://forix.autosport.com/gp.php?l=0&d=630&r=20166099&c=131","wec~2016~9~1",FALSE
"wec",2016,9,2,"http://forix.autosport.com/gp.php?l=0&d=630&r=20166099&c=132","wec~2016~9~2",FALSE
"wec",2017,1,1,"http://forix.autosport.com/gp.php?l=0&d=630&r=20176091&c=131","wec~2017~1~1",FALSE
"wec",2017,1,2,"http://forix.autosport.com/gp.php?l=0&d=630&r=20176091&c=132","wec~2017~1~2",FALSE
"wec",2017,2,1,"http://forix.autosport.com/gp.php?l=0&d=630&r=20176092&c=131","wec~2017~2~1",FALSE
"wec",2017,2,2,"http://forix.autosport.com/gp.php?l=0&d=630&r=20176092&c=132","wec~2017~2~2",FALSE
"wec",2017,3,1,"http://forix.autosport.com/gp.php?l=0&d=630&r=20176093&c=131","wec~2017~3~1",FALSE
"wec",2017,3,2,"http://forix.autosport.com/gp.php?l=0&d=630&r=20176093&c=132","wec~2017~3~2",FALSE
"wec",2017,4,1,"http://forix.autosport.com/gp.php?l=0&d=630&r=20176094&c=131","wec~2017~4~1",FALSE
"wec",2017,4,2,"http://forix.autosport.com/gp.php?l=0&d=630&r=20176094&c=132","wec~2017~4~2",FALSE
"wec",2017,5,1,"http://forix.autosport.com/gp.php?l=0&d=630&r=20176095&c=131","wec~2017~5~1",FALSE
"wec",2017,5,2,"http://forix.autosport.com/gp.php?l=0&d=630&r=20176095&c=132","wec~2017~5~2",FALSE
"wec",2017,6,1,"http://forix.autosport.com/gp.php?l=0&d=630&r=20176096&c=131","wec~2017~6~1",FALSE
"wec",2017,6,2,"http://forix.autosport.com/gp.php?l=0&d=630&r=20176096&c=132","wec~2017~6~2",FALSE
"wec",2017,7,1,"http://forix.autosport.com/gp.php?l=0&d=630&r=20176097&c=131","wec~2017~7~1",FALSE
"wec",2017,7,2,"http://forix.autosport.com/gp.php?l=0&d=630&r=20176097&c=132","wec~2017~7~2",FALSE
"wec",2017,8,1,"http://forix.autosport.com/gp.php?l=0&d=630&r=20176098&c=131","wec~2017~8~1",FALSE
"wec",2017,8,2,"http://forix.autosport.com/gp.php?l=0&d=630&r=20176098&c=132","wec~2017~8~2",FALSE
"wec",2017,9,1,"http://forix.autosport.com/gp.php?l=0&d=630&r=20176099&c=131","wec~2017~9~1",FALSE
"wec",2017,9,2,"http://forix.autosport.com/gp.php?l=0&d=630&r=20176099&c=132","wec~2017~9~2",FALSE
"blancpain",2017,1,1,"http://forix.autosport.com/gp.php?l=0&d=6020&r=20176081&c=131","blancpain~2017~1~1",FALSE
"blancpain",2017,1,2,"http://forix.autosport.com/gp.php?l=0&d=6020&r=20176081&c=132","blancpain~2017~1~2",FALSE
"blancpain",2017,1,3,"http://forix.autosport.com/gp.php?l=0&d=6020&r=20176081&c=133","blancpain~2017~1~3",FALSE
"blancpain",2017,2,1,"http://forix.autosport.com/gp.php?l=0&d=6020&r=20176082&c=131","blancpain~2017~2~1",FALSE
"blancpain",2017,2,2,"http://forix.autosport.com/gp.php?l=0&d=6020&r=20176082&c=132","blancpain~2017~2~2",FALSE
"blancpain",2017,2,3,"http://forix.autosport.com/gp.php?l=0&d=6020&r=20176082&c=133","blancpain~2017~2~3",FALSE
"blancpain",2017,3,1,"http://forix.autosport.com/gp.php?l=0&d=6020&r=20176083&c=131","blancpain~2017~3~1",FALSE
"blancpain",2017,3,2,"http://forix.autosport.com/gp.php?l=0&d=6020&r=20176083&c=132","blancpain~2017~3~2",FALSE
"blancpain",2017,3,3,"http://forix.autosport.com/gp.php?l=0&d=6020&r=20176083&c=133","blancpain~2017~3~3",FALSE
"blancpain",2017,4,1,"http://forix.autosport.com/gp.php?l=0&d=6020&r=20176084&c=131","blancpain~2017~4~1",FALSE
"blancpain",2017,4,2,"http://forix.autosport.com/gp.php?l=0&d=6020&r=20176084&c=132","blancpain~2017~4~2",FALSE
"blancpain",2017,4,3,"http://forix.autosport.com/gp.php?l=0&d=6020&r=20176084&c=133","blancpain~2017~4~3",TRUE
"blancpain",2017,5,1,"http://forix.autosport.com/gp.php?l=0&d=6020&r=20176085&c=131","blancpain~2017~5~1",FALSE
"blancpain",2017,5,2,"http://forix.autosport.com/gp.php?l=0&d=6020&r=20176085&c=132","blancpain~2017~5~2",FALSE
"blancpain",2017,5,3,"http://forix.autosport.com/gp.php?l=0&d=6020&r=20176085&c=133","blancpain~2017~5~3",FALSE
"imsa",2018,1,1,"http://forix.autosport.com/gp.php?l=0&d=623&r=20186131&c=130","imsa~2018~1~1",FALSE
"imsa",2018,2,1,"http://forix.autosport.com/gp.php?l=0&d=623&r=20186132&c=130","imsa~2018~2~1",FALSE
"imsa",2018,3,1,"http://forix.autosport.com/gp.php?l=0&d=623&r=20186133&c=130","imsa~2018~3~1",FALSE
"imsa",2018,4,1,"http://forix.autosport.com/gp.php?l=0&d=623&r=20186134&c=130","imsa~2018~4~1",FALSE
"imsa",2018,5,1,"http://forix.autosport.com/gp.php?l=0&d=623&r=20186135&c=130","imsa~2018~5~1",FALSE
"imsa",2018,6,1,"http://forix.autosport.com/gp.php?l=0&d=623&r=20186136&c=130","imsa~2018~6~1",FALSE
"imsa",2018,7,1,"http://forix.autosport.com/gp.php?l=0&d=623&r=20186137&c=130","imsa~2018~7~1",FALSE
"imsa",2018,8,1,"http://forix.autosport.com/gp.php?l=0&d=623&r=20186138&c=130","imsa~2018~8~1",FALSE
"imsa",2018,9,1,"http://forix.autosport.com/gp.php?l=0&d=623&r=20186139&c=130","imsa~2018~9~1",FALSE
"imsa",2018,10,1,"http://forix.autosport.com/gp.php?l=0&d=623&r=20186140&c=130","imsa~2018~10~1",FALSE
"imsa",2018,11,1,"http://forix.autosport.com/gp.php?l=0&d=623&r=20186141&c=130","imsa~2018~11~1",FALSE
"imsa",2018,12,1,"http://forix.autosport.com/gp.php?l=0&d=623&r=20186142&c=130","imsa~2018~12~1",FALSE
"imsa",2017,1,1,"http://forix.autosport.com/gp.php?l=0&d=623&r=20176131&c=130","imsa~2017~1~1",FALSE
"imsa",2017,2,1,"http://forix.autosport.com/gp.php?l=0&d=623&r=20176132&c=130","imsa~2017~2~1",FALSE
"imsa",2017,3,1,"http://forix.autosport.com/gp.php?l=0&d=623&r=20176133&c=130","imsa~2017~3~1",FALSE
"imsa",2017,4,1,"http://forix.autosport.com/gp.php?l=0&d=623&r=20176134&c=130","imsa~2017~4~1",FALSE
"imsa",2017,5,1,"http://forix.autosport.com/gp.php?l=0&d=623&r=20176135&c=130","imsa~2017~5~1",FALSE
"imsa",2017,6,1,"http://forix.autosport.com/gp.php?l=0&d=623&r=20176136&c=130","imsa~2017~6~1",FALSE
"imsa",2017,7,1,"http://forix.autosport.com/gp.php?l=0&d=623&r=20176137&c=130","imsa~2017~7~1",FALSE
"imsa",2017,8,1,"http://forix.autosport.com/gp.php?l=0&d=623&r=20176138&c=130","imsa~2017~8~1",FALSE
"imsa",2017,9,1,"http://forix.autosport.com/gp.php?l=0&d=623&r=20176139&c=130","imsa~2017~9~1",FALSE
"imsa",2017,10,1,"http://forix.autosport.com/gp.php?l=0&d=623&r=20176140&c=130","imsa~2017~10~1",FALSE
"imsa",2017,11,1,"http://forix.autosport.com/gp.php?l=0&d=623&r=20176141&c=130","imsa~2017~11~1",FALSE
"imsa",2017,12,1,"http://forix.autosport.com/gp.php?l=0&d=623&r=20176142&c=130","imsa~2017~12~1",FALSE
"imsa",2016,1,1,"http://forix.autosport.com/gp.php?l=0&d=623&r=20166131&c=130","imsa~2016~1~1",FALSE
"imsa",2016,2,1,"http://forix.autosport.com/gp.php?l=0&d=623&r=20166132&c=130","imsa~2016~2~1",FALSE
"imsa",2016,3,1,"http://forix.autosport.com/gp.php?l=0&d=623&r=20166133&c=130","imsa~2016~3~1",FALSE
"imsa",2016,4,1,"http://forix.autosport.com/gp.php?l=0&d=623&r=20166134&c=130","imsa~2016~4~1",FALSE
"imsa",2016,5,1,"http://forix.autosport.com/gp.php?l=0&d=623&r=20166135&c=130","imsa~2016~5~1",FALSE
"imsa",2016,6,1,"http://forix.autosport.com/gp.php?l=0&d=623&r=20166136&c=130","imsa~2016~6~1",FALSE
"imsa",2016,7,1,"http://forix.autosport.com/gp.php?l=0&d=623&r=20166137&c=130","imsa~2016~7~1",FALSE
"imsa",2016,8,1,"http://forix.autosport.com/gp.php?l=0&d=623&r=20166138&c=130","imsa~2016~8~1",FALSE
"imsa",2016,9,1,"http://forix.autosport.com/gp.php?l=0&d=623&r=20166139&c=130","imsa~2016~9~1",FALSE
"imsa",2016,10,1,"http://forix.autosport.com/gp.php?l=0&d=623&r=20166140&c=130","imsa~2016~10~1",FALSE
"imsa",2016,11,1,"http://forix.autosport.com/gp.php?l=0&d=623&r=20166141&c=130","imsa~2016~11~1",FALSE
"imsa",2016,12,1,"http://forix.autosport.com/gp.php?l=0&d=623&r=20166142&c=130","imsa~2016~12~1",FALSE
"imsa",2016,13,1,"http://forix.autosport.com/gp.php?l=0&d=623&r=20166143&c=130","imsa~2016~13~1",FALSE
"imsa",2015,1,1,"http://forix.autosport.com/gp.php?l=0&d=623&r=20156131&c=130","imsa~2015~1~1",FALSE
"imsa",2015,2,1,"http://forix.autosport.com/gp.php?l=0&d=623&r=20156132&c=130","imsa~2015~2~1",FALSE
"imsa",2015,3,1,"http://forix.autosport.com/gp.php?l=0&d=623&r=20156133&c=130","imsa~2015~3~1",FALSE
"imsa",2015,4,1,"http://forix.autosport.com/gp.php?l=0&d=623&r=20156134&c=130","imsa~2015~4~1",FALSE
"imsa",2015,5,1,"http://forix.autosport.com/gp.php?l=0&d=623&r=20156135&c=130","imsa~2015~5~1",FALSE
"imsa",2015,6,1,"http://forix.autosport.com/gp.php?l=0&d=623&r=20156136&c=130","imsa~2015~6~1",TRUE
"imsa",2015,7,1,"http://forix.autosport.com/gp.php?l=0&d=623&r=20156137&c=130","imsa~2015~7~1",FALSE
"imsa",2015,8,1,"http://forix.autosport.com/gp.php?l=0&d=623&r=20156138&c=130","imsa~2015~8~1",FALSE
"imsa",2015,9,1,"http://forix.autosport.com/gp.php?l=0&d=623&r=20156139&c=130","imsa~2015~9~1",FALSE
"imsa",2015,10,1,"http://forix.autosport.com/gp.php?l=0&d=623&r=20156140&c=130","imsa~2015~10~1",FALSE
"imsa",2015,11,1,"http://forix.autosport.com/gp.php?l=0&d=623&r=20156141&c=130","imsa~2015~11~1",FALSE
"imsa",2015,12,1,"http://forix.autosport.com/gp.php?l=0&d=623&r=20156142&c=130","imsa~2015~12~1",FALSE
"motogp",2018,1,1,"http://forix.autosport.com/gp.php?l=0&d=80&r=20188001&c=131","motogp~2018~1~1",FALSE
"motogp",2018,1,2,"http://forix.autosport.com/gp.php?l=0&d=80&r=20188001&c=132","motogp~2018~1~2",FALSE
"motogp",2018,2,1,"http://forix.autosport.com/gp.php?l=0&d=80&r=20188002&c=131","motogp~2018~2~1",FALSE
"motogp",2018,2,2,"http://forix.autosport.com/gp.php?l=0&d=80&r=20188002&c=132","motogp~2018~2~2",FALSE
"motogp",2018,3,1,"http://forix.autosport.com/gp.php?l=0&d=80&r=20188003&c=131","motogp~2018~3~1",FALSE
"motogp",2018,3,2,"http://forix.autosport.com/gp.php?l=0&d=80&r=20188003&c=132","motogp~2018~3~2",FALSE
"motogp",2018,4,1,"http://forix.autosport.com/gp.php?l=0&d=80&r=20188004&c=131","motogp~2018~4~1",FALSE
"motogp",2018,4,2,"http://forix.autosport.com/gp.php?l=0&d=80&r=20188004&c=132","motogp~2018~4~2",FALSE
"motogp",2018,5,1,"http://forix.autosport.com/gp.php?l=0&d=80&r=20188005&c=131","motogp~2018~5~1",FALSE
"motogp",2018,5,2,"http://forix.autosport.com/gp.php?l=0&d=80&r=20188005&c=132","motogp~2018~5~2",FALSE
"motogp",2018,6,1,"http://forix.autosport.com/gp.php?l=0&d=80&r=20188006&c=131","motogp~2018~6~1",FALSE
"motogp",2018,6,2,"http://forix.autosport.com/gp.php?l=0&d=80&r=20188006&c=132","motogp~2018~6~2",FALSE
"motogp",2018,7,1,"http://forix.autosport.com/gp.php?l=0&d=80&r=20188007&c=131","motogp~2018~7~1",FALSE
"motogp",2018,7,2,"http://forix.autosport.com/gp.php?l=0&d=80&r=20188007&c=132","motogp~2018~7~2",FALSE
"motogp",2018,8,1,"http://forix.autosport.com/gp.php?l=0&d=80&r=20188008&c=131","motogp~2018~8~1",FALSE
"motogp",2018,8,2,"http://forix.autosport.com/gp.php?l=0&d=80&r=20188008&c=132","motogp~2018~8~2",FALSE
"motogp",2018,9,1,"http://forix.autosport.com/gp.php?l=0&d=80&r=20188009&c=131","motogp~2018~9~1",FALSE
"motogp",2018,9,2,"http://forix.autosport.com/gp.php?l=0&d=80&r=20188009&c=132","motogp~2018~9~2",FALSE
"motogp",2018,10,1,"http://forix.autosport.com/gp.php?l=0&d=80&r=20188010&c=131","motogp~2018~10~1",FALSE
"motogp",2018,10,2,"http://forix.autosport.com/gp.php?l=0&d=80&r=20188010&c=132","motogp~2018~10~2",FALSE
"motogp",2018,11,1,"http://forix.autosport.com/gp.php?l=0&d=80&r=20188011&c=131","motogp~2018~11~1",FALSE
"motogp",2018,11,2,"http://forix.autosport.com/gp.php?l=0&d=80&r=20188011&c=132","motogp~2018~11~2",FALSE
"motogp",2018,12,1,"http://forix.autosport.com/gp.php?l=0&d=80&r=20188012&c=131","motogp~2018~12~1",FALSE
"motogp",2018,12,2,"http://forix.autosport.com/gp.php?l=0&d=80&r=20188012&c=132","motogp~2018~12~2",FALSE
"motogp",2018,13,1,"http://forix.autosport.com/gp.php?l=0&d=80&r=20188013&c=131","motogp~2018~13~1",FALSE
"motogp",2018,13,2,"http://forix.autosport.com/gp.php?l=0&d=80&r=20188013&c=132","motogp~2018~13~2",FALSE
"motogp",2018,14,1,"http://forix.autosport.com/gp.php?l=0&d=80&r=20188014&c=131","motogp~2018~14~1",FALSE
"motogp",2018,14,2,"http://forix.autosport.com/gp.php?l=0&d=80&r=20188014&c=132","motogp~2018~14~2",FALSE
"motogp",2018,15,1,"http://forix.autosport.com/gp.php?l=0&d=80&r=20188015&c=131","motogp~2018~15~1",FALSE
"motogp",2018,15,2,"http://forix.autosport.com/gp.php?l=0&d=80&r=20188015&c=132","motogp~2018~15~2",FALSE
"motogp",2018,16,1,"http://forix.autosport.com/gp.php?l=0&d=80&r=20188016&c=131","motogp~2018~16~1",FALSE
"motogp",2018,16,2,"http://forix.autosport.com/gp.php?l=0&d=80&r=20188016&c=132","motogp~2018~16~2",FALSE
"motogp",2018,17,1,"http://forix.autosport.com/gp.php?l=0&d=80&r=20188017&c=131","motogp~2018~17~1",FALSE
"motogp",2018,17,2,"http://forix.autosport.com/gp.php?l=0&d=80&r=20188017&c=132","motogp~2018~17~2",FALSE
"motogp",2018,18,1,"http://forix.autosport.com/gp.php?l=0&d=80&r=20188018&c=131","motogp~2018~18~1",FALSE
"motogp",2018,18,2,"http://forix.autosport.com/gp.php?l=0&d=80&r=20188018&c=132","motogp~2018~18~2",FALSE
"motogp",2018,19,1,"http://forix.autosport.com/gp.php?l=0&d=80&r=20188019&c=131","motogp~2018~19~1",FALSE
"motogp",2018,19,2,"http://forix.autosport.com/gp.php?l=0&d=80&r=20188019&c=132","motogp~2018~19~2",FALSE
"motogp",2017,1,1,"http://forix.autosport.com/gp.php?l=0&d=80&r=20178001&c=131","motogp~2017~1~1",TRUE
"motogp",2017,1,2,"http://forix.autosport.com/gp.php?l=0&d=80&r=20178001&c=132","motogp~2017~1~2",TRUE
"motogp",2017,2,1,"http://forix.autosport.com/gp.php?l=0&d=80&r=20178002&c=131","motogp~2017~2~1",FALSE
"motogp",2017,2,2,"http://forix.autosport.com/gp.php?l=0&d=80&r=20178002&c=132","motogp~2017~2~2",FALSE
"motogp",2017,3,1,"http://forix.autosport.com/gp.php?l=0&d=80&r=20178003&c=131","motogp~2017~3~1",FALSE
"motogp",2017,3,2,"http://forix.autosport.com/gp.php?l=0&d=80&r=20178003&c=132","motogp~2017~3~2",FALSE
"motogp",2017,4,1,"http://forix.autosport.com/gp.php?l=0&d=80&r=20178004&c=131","motogp~2017~4~1",FALSE
"motogp",2017,4,2,"http://forix.autosport.com/gp.php?l=0&d=80&r=20178004&c=132","motogp~2017~4~2",FALSE
"motogp",2017,5,1,"http://forix.autosport.com/gp.php?l=0&d=80&r=20178005&c=131","motogp~2017~5~1",FALSE
"motogp",2017,5,2,"http://forix.autosport.com/gp.php?l=0&d=80&r=20178005&c=132","motogp~2017~5~2",FALSE
"motogp",2017,6,1,"http://forix.autosport.com/gp.php?l=0&d=80&r=20178006&c=131","motogp~2017~6~1",FALSE
"motogp",2017,6,2,"http://forix.autosport.com/gp.php?l=0&d=80&r=20178006&c=132","motogp~2017~6~2",FALSE
"motogp",2017,7,1,"http://forix.autosport.com/gp.php?l=0&d=80&r=20178007&c=131","motogp~2017~7~1",FALSE
"motogp",2017,7,2,"http://forix.autosport.com/gp.php?l=0&d=80&r=20178007&c=132","motogp~2017~7~2",FALSE
"motogp",2017,8,1,"http://forix.autosport.com/gp.php?l=0&d=80&r=20178008&c=131","motogp~2017~8~1",FALSE
"motogp",2017,8,2,"http://forix.autosport.com/gp.php?l=0&d=80&r=20178008&c=132","motogp~2017~8~2",FALSE
"motogp",2017,9,1,"http://forix.autosport.com/gp.php?l=0&d=80&r=20178009&c=131","motogp~2017~9~1",FALSE
"motogp",2017,9,2,"http://forix.autosport.com/gp.php?l=0&d=80&r=20178009&c=132","motogp~2017~9~2",FALSE
"motogp",2017,10,1,"http://forix.autosport.com/gp.php?l=0&d=80&r=20178010&c=131","motogp~2017~10~1",FALSE
"motogp",2017,10,2,"http://forix.autosport.com/gp.php?l=0&d=80&r=20178010&c=132","motogp~2017~10~2",FALSE
"motogp",2017,11,1,"http://forix.autosport.com/gp.php?l=0&d=80&r=20178011&c=131","motogp~2017~11~1",FALSE
"motogp",2017,11,2,"http://forix.autosport.com/gp.php?l=0&d=80&r=20178011&c=132","motogp~2017~11~2",FALSE
"motogp",2017,12,1,"http://forix.autosport.com/gp.php?l=0&d=80&r=20178012&c=131","motogp~2017~12~1",FALSE
"motogp",2017,12,2,"http://forix.autosport.com/gp.php?l=0&d=80&r=20178012&c=132","motogp~2017~12~2",FALSE
"motogp",2017,13,1,"http://forix.autosport.com/gp.php?l=0&d=80&r=20178013&c=131","motogp~2017~13~1",FALSE
"motogp",2017,13,2,"http://forix.autosport.com/gp.php?l=0&d=80&r=20178013&c=132","motogp~2017~13~2",FALSE
"motogp",2017,14,1,"http://forix.autosport.com/gp.php?l=0&d=80&r=20178014&c=131","motogp~2017~14~1",FALSE
"motogp",2017,14,2,"http://forix.autosport.com/gp.php?l=0&d=80&r=20178014&c=132","motogp~2017~14~2",FALSE
"motogp",2017,15,1,"http://forix.autosport.com/gp.php?l=0&d=80&r=20178015&c=131","motogp~2017~15~1",FALSE
"motogp",2017,15,2,"http://forix.autosport.com/gp.php?l=0&d=80&r=20178015&c=132","motogp~2017~15~2",FALSE
"motogp",2017,16,1,"http://forix.autosport.com/gp.php?l=0&d=80&r=20178016&c=131","motogp~2017~16~1",FALSE
"motogp",2017,16,2,"http://forix.autosport.com/gp.php?l=0&d=80&r=20178016&c=132","motogp~2017~16~2",FALSE
"motogp",2017,17,1,"http://forix.autosport.com/gp.php?l=0&d=80&r=20178017&c=131","motogp~2017~17~1",FALSE
"motogp",2017,17,2,"http://forix.autosport.com/gp.php?l=0&d=80&r=20178017&c=132","motogp~2017~17~2",FALSE
"motogp",2017,18,1,"http://forix.autosport.com/gp.php?l=0&d=80&r=20178018&c=131","motogp~2017~18~1",FALSE
"motogp",2017,18,2,"http://forix.autosport.com/gp.php?l=0&d=80&r=20178018&c=132","motogp~2017~18~2",FALSE
"motogp",2016,1,1,"http://forix.autosport.com/gp.php?l=0&d=80&r=20168001&c=131","motogp~2016~1~1",FALSE
"motogp",2016,1,2,"http://forix.autosport.com/gp.php?l=0&d=80&r=20168001&c=132","motogp~2016~1~2",FALSE
"motogp",2016,2,1,"http://forix.autosport.com/gp.php?l=0&d=80&r=20168002&c=131","motogp~2016~2~1",FALSE
"motogp",2016,2,2,"http://forix.autosport.com/gp.php?l=0&d=80&r=20168002&c=132","motogp~2016~2~2",FALSE
"motogp",2016,3,1,"http://forix.autosport.com/gp.php?l=0&d=80&r=20168003&c=131","motogp~2016~3~1",FALSE
"motogp",2016,3,2,"http://forix.autosport.com/gp.php?l=0&d=80&r=20168003&c=132","motogp~2016~3~2",FALSE
"motogp",2016,4,1,"http://forix.autosport.com/gp.php?l=0&d=80&r=20168004&c=131","motogp~2016~4~1",FALSE
"motogp",2016,4,2,"http://forix.autosport.com/gp.php?l=0&d=80&r=20168004&c=132","motogp~2016~4~2",FALSE
"motogp",2016,5,1,"http://forix.autosport.com/gp.php?l=0&d=80&r=20168005&c=131","motogp~2016~5~1",FALSE
"motogp",2016,5,2,"http://forix.autosport.com/gp.php?l=0&d=80&r=20168005&c=132","motogp~2016~5~2",FALSE
"motogp",2016,6,1,"http://forix.autosport.com/gp.php?l=0&d=80&r=20168006&c=131","motogp~2016~6~1",FALSE
"motogp",2016,6,2,"http://forix.autosport.com/gp.php?l=0&d=80&r=20168006&c=132","motogp~2016~6~2",FALSE
"motogp",2016,7,1,"http://forix.autosport.com/gp.php?l=0&d=80&r=20168007&c=131","motogp~2016~7~1",FALSE
"motogp",2016,7,2,"http://forix.autosport.com/gp.php?l=0&d=80&r=20168007&c=132","motogp~2016~7~2",FALSE
"motogp",2016,8,1,"http://forix.autosport.com/gp.php?l=0&d=80&r=20168008&c=131","motogp~2016~8~1",FALSE
"motogp",2016,8,2,"http://forix.autosport.com/gp.php?l=0&d=80&r=20168008&c=132","motogp~2016~8~2",FALSE
"motogp",2016,9,1,"http://forix.autosport.com/gp.php?l=0&d=80&r=20168009&c=131","motogp~2016~9~1",FALSE
"motogp",2016,9,2,"http://forix.autosport.com/gp.php?l=0&d=80&r=20168009&c=132","motogp~2016~9~2",FALSE
"motogp",2016,10,1,"http://forix.autosport.com/gp.php?l=0&d=80&r=20168010&c=131","motogp~2016~10~1",FALSE
"motogp",2016,10,2,"http://forix.autosport.com/gp.php?l=0&d=80&r=20168010&c=132","motogp~2016~10~2",FALSE
"motogp",2016,11,1,"http://forix.autosport.com/gp.php?l=0&d=80&r=20168011&c=131","motogp~2016~11~1",FALSE
"motogp",2016,11,2,"http://forix.autosport.com/gp.php?l=0&d=80&r=20168011&c=132","motogp~2016~11~2",FALSE
"motogp",2016,12,1,"http://forix.autosport.com/gp.php?l=0&d=80&r=20168012&c=131","motogp~2016~12~1",FALSE
"motogp",2016,12,2,"http://forix.autosport.com/gp.php?l=0&d=80&r=20168012&c=132","motogp~2016~12~2",FALSE
"motogp",2016,13,1,"http://forix.autosport.com/gp.php?l=0&d=80&r=20168013&c=131","motogp~2016~13~1",FALSE
"motogp",2016,13,2,"http://forix.autosport.com/gp.php?l=0&d=80&r=20168013&c=132","motogp~2016~13~2",FALSE
"motogp",2016,14,1,"http://forix.autosport.com/gp.php?l=0&d=80&r=20168014&c=131","motogp~2016~14~1",FALSE
"motogp",2016,14,2,"http://forix.autosport.com/gp.php?l=0&d=80&r=20168014&c=132","motogp~2016~14~2",FALSE
"motogp",2016,15,1,"http://forix.autosport.com/gp.php?l=0&d=80&r=20168015&c=131","motogp~2016~15~1",FALSE
"motogp",2016,15,2,"http://forix.autosport.com/gp.php?l=0&d=80&r=20168015&c=132","motogp~2016~15~2",FALSE
"motogp",2016,16,1,"http://forix.autosport.com/gp.php?l=0&d=80&r=20168016&c=131","motogp~2016~16~1",FALSE
"motogp",2016,16,2,"http://forix.autosport.com/gp.php?l=0&d=80&r=20168016&c=132","motogp~2016~16~2",FALSE
"motogp",2016,17,1,"http://forix.autosport.com/gp.php?l=0&d=80&r=20168017&c=131","motogp~2016~17~1",FALSE
"motogp",2016,17,2,"http://forix.autosport.com/gp.php?l=0&d=80&r=20168017&c=132","motogp~2016~17~2",FALSE
"motogp",2016,18,1,"http://forix.autosport.com/gp.php?l=0&d=80&r=20168018&c=131","motogp~2016~18~1",FALSE
"motogp",2016,18,2,"http://forix.autosport.com/gp.php?l=0&d=80&r=20168018&c=132","motogp~2016~18~2",FALSE
"motogp",2015,1,1,"http://forix.autosport.com/gp.php?l=0&d=80&r=20158001&c=131","motogp~2015~1~1",FALSE
"motogp",2015,1,2,"http://forix.autosport.com/gp.php?l=0&d=80&r=20158001&c=132","motogp~2015~1~2",FALSE
"motogp",2015,2,1,"http://forix.autosport.com/gp.php?l=0&d=80&r=20158002&c=131","motogp~2015~2~1",FALSE
"motogp",2015,2,2,"http://forix.autosport.com/gp.php?l=0&d=80&r=20158002&c=132","motogp~2015~2~2",FALSE
"motogp",2015,3,1,"http://forix.autosport.com/gp.php?l=0&d=80&r=20158003&c=131","motogp~2015~3~1",FALSE
"motogp",2015,3,2,"http://forix.autosport.com/gp.php?l=0&d=80&r=20158003&c=132","motogp~2015~3~2",FALSE
"motogp",2015,4,1,"http://forix.autosport.com/gp.php?l=0&d=80&r=20158004&c=131","motogp~2015~4~1",FALSE
"motogp",2015,4,2,"http://forix.autosport.com/gp.php?l=0&d=80&r=20158004&c=132","motogp~2015~4~2",FALSE
"motogp",2015,5,1,"http://forix.autosport.com/gp.php?l=0&d=80&r=20158005&c=131","motogp~2015~5~1",FALSE
"motogp",2015,5,2,"http://forix.autosport.com/gp.php?l=0&d=80&r=20158005&c=132","motogp~2015~5~2",FALSE
"motogp",2015,6,1,"http://forix.autosport.com/gp.php?l=0&d=80&r=20158006&c=131","motogp~2015~6~1",FALSE
"motogp",2015,6,2,"http://forix.autosport.com/gp.php?l=0&d=80&r=20158006&c=132","motogp~2015~6~2",FALSE
"motogp",2015,7,1,"http://forix.autosport.com/gp.php?l=0&d=80&r=20158007&c=131","motogp~2015~7~1",FALSE
"motogp",2015,7,2,"http://forix.autosport.com/gp.php?l=0&d=80&r=20158007&c=132","motogp~2015~7~2",FALSE
"motogp",2015,8,1,"http://forix.autosport.com/gp.php?l=0&d=80&r=20158008&c=131","motogp~2015~8~1",FALSE
"motogp",2015,8,2,"http://forix.autosport.com/gp.php?l=0&d=80&r=20158008&c=132","motogp~2015~8~2",FALSE
"motogp",2015,9,1,"http://forix.autosport.com/gp.php?l=0&d=80&r=20158009&c=131","motogp~2015~9~1",FALSE
"motogp",2015,9,2,"http://forix.autosport.com/gp.php?l=0&d=80&r=20158009&c=132","motogp~2015~9~2",FALSE
"motogp",2015,10,1,"http://forix.autosport.com/gp.php?l=0&d=80&r=20158010&c=131","motogp~2015~10~1",FALSE
"motogp",2015,10,2,"http://forix.autosport.com/gp.php?l=0&d=80&r=20158010&c=132","motogp~2015~10~2",FALSE
"motogp",2015,11,1,"http://forix.autosport.com/gp.php?l=0&d=80&r=20158011&c=131","motogp~2015~11~1",FALSE
"motogp",2015,11,2,"http://forix.autosport.com/gp.php?l=0&d=80&r=20158011&c=132","motogp~2015~11~2",FALSE
"motogp",2015,12,1,"http://forix.autosport.com/gp.php?l=0&d=80&r=20158012&c=131","motogp~2015~12~1",FALSE
"motogp",2015,12,2,"http://forix.autosport.com/gp.php?l=0&d=80&r=20158012&c=132","motogp~2015~12~2",FALSE
"motogp",2015,13,1,"http://forix.autosport.com/gp.php?l=0&d=80&r=20158013&c=131","motogp~2015~13~1",FALSE
"motogp",2015,13,2,"http://forix.autosport.com/gp.php?l=0&d=80&r=20158013&c=132","motogp~2015~13~2",FALSE
"motogp",2015,14,1,"http://forix.autosport.com/gp.php?l=0&d=80&r=20158014&c=131","motogp~2015~14~1",FALSE
"motogp",2015,14,2,"http://forix.autosport.com/gp.php?l=0&d=80&r=20158014&c=132","motogp~2015~14~2",FALSE
"motogp",2015,15,1,"http://forix.autosport.com/gp.php?l=0&d=80&r=20158015&c=131","motogp~2015~15~1",FALSE
"motogp",2015,15,2,"http://forix.autosport.com/gp.php?l=0&d=80&r=20158015&c=132","motogp~2015~15~2",FALSE
"motogp",2015,16,1,"http://forix.autosport.com/gp.php?l=0&d=80&r=20158016&c=131","motogp~2015~16~1",FALSE
"motogp",2015,16,2,"http://forix.autosport.com/gp.php?l=0&d=80&r=20158016&c=132","motogp~2015~16~2",FALSE
"motogp",2015,17,1,"http://forix.autosport.com/gp.php?l=0&d=80&r=20158017&c=131","motogp~2015~17~1",FALSE
"motogp",2015,17,2,"http://forix.autosport.com/gp.php?l=0&d=80&r=20158017&c=132","motogp~2015~17~2",FALSE
"motogp",2015,18,1,"http://forix.autosport.com/gp.php?l=0&d=80&r=20158018&c=131","motogp~2015~18~1",FALSE
"motogp",2015,18,2,"http://forix.autosport.com/gp.php?l=0&d=80&r=20158018&c=132","motogp~2015~18~2",FALSE
"worldsuperbike",2018,1,1,"http://forix.autosport.com/gp.php?l=0&d=81&r=20188101&c=136","worldsuperbike~2018~1~1",FALSE
"worldsuperbike",2018,1,2,"http://forix.autosport.com/gp.php?l=0&d=81&r=20188101&c=137","worldsuperbike~2018~1~2",FALSE
"worldsuperbike",2018,3,1,"http://forix.autosport.com/gp.php?l=0&d=81&r=20188103&c=136","worldsuperbike~2018~3~1",FALSE
"worldsuperbike",2018,3,2,"http://forix.autosport.com/gp.php?l=0&d=81&r=20188103&c=137","worldsuperbike~2018~3~2",FALSE
"worldsuperbike",2018,5,1,"http://forix.autosport.com/gp.php?l=0&d=81&r=20188105&c=136","worldsuperbike~2018~5~1",FALSE
"worldsuperbike",2018,5,2,"http://forix.autosport.com/gp.php?l=0&d=81&r=20188105&c=137","worldsuperbike~2018~5~2",FALSE
"worldsuperbike",2018,7,1,"http://forix.autosport.com/gp.php?l=0&d=81&r=20188107&c=136","worldsuperbike~2018~7~1",FALSE
"worldsuperbike",2018,7,2,"http://forix.autosport.com/gp.php?l=0&d=81&r=20188107&c=137","worldsuperbike~2018~7~2",FALSE
"worldsuperbike",2018,9,1,"http://forix.autosport.com/gp.php?l=0&d=81&r=20188109&c=136","worldsuperbike~2018~9~1",FALSE
"worldsuperbike",2018,9,2,"http://forix.autosport.com/gp.php?l=0&d=81&r=20188109&c=137","worldsuperbike~2018~9~2",FALSE
"worldsuperbike",2018,11,1,"http://forix.autosport.com/gp.php?l=0&d=81&r=20188111&c=136","worldsuperbike~2018~11~1",FALSE
"worldsuperbike",2018,11,2,"http://forix.autosport.com/gp.php?l=0&d=81&r=20188111&c=137","worldsuperbike~2018~11~2",FALSE
"worldsuperbike",2018,13,1,"http://forix.autosport.com/gp.php?l=0&d=81&r=20188113&c=136","worldsuperbike~2018~13~1",FALSE
"worldsuperbike",2018,13,2,"http://forix.autosport.com/gp.php?l=0&d=81&r=20188113&c=137","worldsuperbike~2018~13~2",FALSE
"worldsuperbike",2018,15,1,"http://forix.autosport.com/gp.php?l=0&d=81&r=20188115&c=136","worldsuperbike~2018~15~1",FALSE
"worldsuperbike",2018,15,2,"http://forix.autosport.com/gp.php?l=0&d=81&r=20188115&c=137","worldsuperbike~2018~15~2",FALSE
"worldsuperbike",2018,17,1,"http://forix.autosport.com/gp.php?l=0&d=81&r=20188117&c=136","worldsuperbike~2018~17~1",FALSE
"worldsuperbike",2018,17,2,"http://forix.autosport.com/gp.php?l=0&d=81&r=20188117&c=137","worldsuperbike~2018~17~2",FALSE
"worldsuperbike",2018,19,1,"http://forix.autosport.com/gp.php?l=0&d=81&r=20188119&c=136","worldsuperbike~2018~19~1",FALSE
"worldsuperbike",2018,19,2,"http://forix.autosport.com/gp.php?l=0&d=81&r=20188119&c=137","worldsuperbike~2018~19~2",FALSE
"worldsuperbike",2018,21,1,"http://forix.autosport.com/gp.php?l=0&d=81&r=20188121&c=136","worldsuperbike~2018~21~1",FALSE
"worldsuperbike",2018,21,2,"http://forix.autosport.com/gp.php?l=0&d=81&r=20188121&c=137","worldsuperbike~2018~21~2",FALSE
"worldsuperbike",2018,23,1,"http://forix.autosport.com/gp.php?l=0&d=81&r=20188123&c=136","worldsuperbike~2018~23~1",FALSE
"worldsuperbike",2018,23,2,"http://forix.autosport.com/gp.php?l=0&d=81&r=20188123&c=137","worldsuperbike~2018~23~2",FALSE
"worldsuperbike",2018,25,1,"http://forix.autosport.com/gp.php?l=0&d=81&r=20188125&c=136","worldsuperbike~2018~25~1",FALSE
"worldsuperbike",2018,25,2,"http://forix.autosport.com/gp.php?l=0&d=81&r=20188125&c=137","worldsuperbike~2018~25~2",FALSE
"worldsuperbike",2017,1,1,"http://forix.autosport.com/gp.php?l=0&d=81&r=20188101&c=136","worldsuperbike~2017~1~1",FALSE
"worldsuperbike",2017,1,2,"http://forix.autosport.com/gp.php?l=0&d=81&r=20188101&c=137","worldsuperbike~2017~1~2",FALSE
"worldsuperbike",2017,3,1,"http://forix.autosport.com/gp.php?l=0&d=81&r=20188103&c=136","worldsuperbike~2017~3~1",FALSE
"worldsuperbike",2017,3,2,"http://forix.autosport.com/gp.php?l=0&d=81&r=20188103&c=137","worldsuperbike~2017~3~2",FALSE
"worldsuperbike",2017,5,1,"http://forix.autosport.com/gp.php?l=0&d=81&r=20188105&c=136","worldsuperbike~2017~5~1",FALSE
"worldsuperbike",2017,5,2,"http://forix.autosport.com/gp.php?l=0&d=81&r=20188105&c=137","worldsuperbike~2017~5~2",FALSE
"worldsuperbike",2017,7,1,"http://forix.autosport.com/gp.php?l=0&d=81&r=20188107&c=136","worldsuperbike~2017~7~1",FALSE
"worldsuperbike",2017,7,2,"http://forix.autosport.com/gp.php?l=0&d=81&r=20188107&c=137","worldsuperbike~2017~7~2",FALSE
"worldsuperbike",2017,9,1,"http://forix.autosport.com/gp.php?l=0&d=81&r=20188109&c=136","worldsuperbike~2017~9~1",FALSE
"worldsuperbike",2017,9,2,"http://forix.autosport.com/gp.php?l=0&d=81&r=20188109&c=137","worldsuperbike~2017~9~2",FALSE
"worldsuperbike",2017,11,1,"http://forix.autosport.com/gp.php?l=0&d=81&r=20188111&c=136","worldsuperbike~2017~11~1",FALSE
"worldsuperbike",2017,11,2,"http://forix.autosport.com/gp.php?l=0&d=81&r=20188111&c=137","worldsuperbike~2017~11~2",FALSE
"worldsuperbike",2017,13,1,"http://forix.autosport.com/gp.php?l=0&d=81&r=20188113&c=136","worldsuperbike~2017~13~1",FALSE
"worldsuperbike",2017,13,2,"http://forix.autosport.com/gp.php?l=0&d=81&r=20188113&c=137","worldsuperbike~2017~13~2",FALSE
"worldsuperbike",2017,15,1,"http://forix.autosport.com/gp.php?l=0&d=81&r=20188115&c=136","worldsuperbike~2017~15~1",FALSE
"worldsuperbike",2017,15,2,"http://forix.autosport.com/gp.php?l=0&d=81&r=20188115&c=137","worldsuperbike~2017~15~2",FALSE
"worldsuperbike",2017,17,1,"http://forix.autosport.com/gp.php?l=0&d=81&r=20188117&c=136","worldsuperbike~2017~17~1",FALSE
"worldsuperbike",2017,17,2,"http://forix.autosport.com/gp.php?l=0&d=81&r=20188117&c=137","worldsuperbike~2017~17~2",FALSE
"worldsuperbike",2017,19,1,"http://forix.autosport.com/gp.php?l=0&d=81&r=20188119&c=136","worldsuperbike~2017~19~1",FALSE
"worldsuperbike",2017,19,2,"http://forix.autosport.com/gp.php?l=0&d=81&r=20188119&c=137","worldsuperbike~2017~19~2",FALSE
"worldsuperbike",2017,21,1,"http://forix.autosport.com/gp.php?l=0&d=81&r=20188121&c=136","worldsuperbike~2017~21~1",FALSE
"worldsuperbike",2017,21,2,"http://forix.autosport.com/gp.php?l=0&d=81&r=20188121&c=137","worldsuperbike~2017~21~2",FALSE
"worldsuperbike",2017,23,1,"http://forix.autosport.com/gp.php?l=0&d=81&r=20188123&c=136","worldsuperbike~2017~23~1",FALSE
"worldsuperbike",2017,23,2,"http://forix.autosport.com/gp.php?l=0&d=81&r=20188123&c=137","worldsuperbike~2017~23~2",FALSE
"worldsuperbike",2016,1,1,"http://forix.autosport.com/gp.php?l=0&d=81&r=20168101&c=136","worldsuperbike~2016~1~1",FALSE
"worldsuperbike",2016,1,2,"http://forix.autosport.com/gp.php?l=0&d=81&r=20168101&c=137","worldsuperbike~2016~1~2",FALSE
"worldsuperbike",2016,3,1,"http://forix.autosport.com/gp.php?l=0&d=81&r=20168103&c=136","worldsuperbike~2016~3~1",FALSE
"worldsuperbike",2016,3,2,"http://forix.autosport.com/gp.php?l=0&d=81&r=20168103&c=137","worldsuperbike~2016~3~2",FALSE
"worldsuperbike",2016,5,1,"http://forix.autosport.com/gp.php?l=0&d=81&r=20168105&c=136","worldsuperbike~2016~5~1",FALSE
"worldsuperbike",2016,5,2,"http://forix.autosport.com/gp.php?l=0&d=81&r=20168105&c=137","worldsuperbike~2016~5~2",FALSE
"worldsuperbike",2016,7,1,"http://forix.autosport.com/gp.php?l=0&d=81&r=20168107&c=136","worldsuperbike~2016~7~1",FALSE
"worldsuperbike",2016,7,2,"http://forix.autosport.com/gp.php?l=0&d=81&r=20168107&c=137","worldsuperbike~2016~7~2",FALSE
"worldsuperbike",2016,9,1,"http://forix.autosport.com/gp.php?l=0&d=81&r=20168109&c=136","worldsuperbike~2016~9~1",FALSE
"worldsuperbike",2016,9,2,"http://forix.autosport.com/gp.php?l=0&d=81&r=20168109&c=137","worldsuperbike~2016~9~2",FALSE
"worldsuperbike",2016,11,1,"http://forix.autosport.com/gp.php?l=0&d=81&r=20168111&c=136","worldsuperbike~2016~11~1",FALSE
"worldsuperbike",2016,11,2,"http://forix.autosport.com/gp.php?l=0&d=81&r=20168111&c=137","worldsuperbike~2016~11~2",FALSE
"worldsuperbike",2016,13,1,"http://forix.autosport.com/gp.php?l=0&d=81&r=20168113&c=136","worldsuperbike~2016~13~1",FALSE
"worldsuperbike",2016,13,2,"http://forix.autosport.com/gp.php?l=0&d=81&r=20168113&c=137","worldsuperbike~2016~13~2",FALSE
"worldsuperbike",2016,15,1,"http://forix.autosport.com/gp.php?l=0&d=81&r=20168115&c=136","worldsuperbike~2016~15~1",FALSE
"worldsuperbike",2016,15,2,"http://forix.autosport.com/gp.php?l=0&d=81&r=20168115&c=137","worldsuperbike~2016~15~2",FALSE
"worldsuperbike",2016,17,1,"http://forix.autosport.com/gp.php?l=0&d=81&r=20168117&c=136","worldsuperbike~2016~17~1",FALSE
"worldsuperbike",2016,17,2,"http://forix.autosport.com/gp.php?l=0&d=81&r=20168117&c=137","worldsuperbike~2016~17~2",FALSE
"worldsuperbike",2016,19,1,"http://forix.autosport.com/gp.php?l=0&d=81&r=20168119&c=136","worldsuperbike~2016~19~1",FALSE
"worldsuperbike",2016,19,2,"http://forix.autosport.com/gp.php?l=0&d=81&r=20168119&c=137","worldsuperbike~2016~19~2",FALSE
"worldsuperbike",2016,21,1,"http://forix.autosport.com/gp.php?l=0&d=81&r=20168121&c=136","worldsuperbike~2016~21~1",FALSE
"worldsuperbike",2016,21,2,"http://forix.autosport.com/gp.php?l=0&d=81&r=20168121&c=137","worldsuperbike~2016~21~2",FALSE
"worldsuperbike",2016,23,1,"http://forix.autosport.com/gp.php?l=0&d=81&r=20168123&c=136","worldsuperbike~2016~23~1",FALSE
"worldsuperbike",2016,23,2,"http://forix.autosport.com/gp.php?l=0&d=81&r=20168123&c=137","worldsuperbike~2016~23~2",FALSE
"worldsuperbike",2016,25,1,"http://forix.autosport.com/gp.php?l=0&d=81&r=20168125&c=136","worldsuperbike~2016~25~1",FALSE
"worldsuperbike",2016,25,2,"http://forix.autosport.com/gp.php?l=0&d=81&r=20168125&c=137","worldsuperbike~2016~25~2",FALSE
"worldsuperbike",2015,1,1,"http://forix.autosport.com/gp.php?l=0&d=81&r=20158101&c=136","worldsuperbike~2015~1~1",FALSE
"worldsuperbike",2015,1,2,"http://forix.autosport.com/gp.php?l=0&d=81&r=20158101&c=137","worldsuperbike~2015~1~2",FALSE
"worldsuperbike",2015,3,1,"http://forix.autosport.com/gp.php?l=0&d=81&r=20158103&c=136","worldsuperbike~2015~3~1",FALSE
"worldsuperbike",2015,3,2,"http://forix.autosport.com/gp.php?l=0&d=81&r=20158103&c=137","worldsuperbike~2015~3~2",FALSE
"worldsuperbike",2015,5,1,"http://forix.autosport.com/gp.php?l=0&d=81&r=20158105&c=136","worldsuperbike~2015~5~1",FALSE
"worldsuperbike",2015,5,2,"http://forix.autosport.com/gp.php?l=0&d=81&r=20158105&c=137","worldsuperbike~2015~5~2",FALSE
"worldsuperbike",2015,7,1,"http://forix.autosport.com/gp.php?l=0&d=81&r=20158107&c=136","worldsuperbike~2015~7~1",FALSE
"worldsuperbike",2015,7,2,"http://forix.autosport.com/gp.php?l=0&d=81&r=20158107&c=137","worldsuperbike~2015~7~2",FALSE
"worldsuperbike",2015,9,1,"http://forix.autosport.com/gp.php?l=0&d=81&r=20158109&c=136","worldsuperbike~2015~9~1",FALSE
"worldsuperbike",2015,9,2,"http://forix.autosport.com/gp.php?l=0&d=81&r=20158109&c=137","worldsuperbike~2015~9~2",FALSE
"worldsuperbike",2015,11,1,"http://forix.autosport.com/gp.php?l=0&d=81&r=20158111&c=136","worldsuperbike~2015~11~1",FALSE
"worldsuperbike",2015,11,2,"http://forix.autosport.com/gp.php?l=0&d=81&r=20158111&c=137","worldsuperbike~2015~11~2",FALSE
"worldsuperbike",2015,13,1,"http://forix.autosport.com/gp.php?l=0&d=81&r=20158113&c=136","worldsuperbike~2015~13~1",FALSE
"worldsuperbike",2015,13,2,"http://forix.autosport.com/gp.php?l=0&d=81&r=20158113&c=137","worldsuperbike~2015~13~2",FALSE
"worldsuperbike",2015,15,1,"http://forix.autosport.com/gp.php?l=0&d=81&r=20158115&c=136","worldsuperbike~2015~15~1",FALSE
"worldsuperbike",2015,15,2,"http://forix.autosport.com/gp.php?l=0&d=81&r=20158115&c=137","worldsuperbike~2015~15~2",FALSE
"worldsuperbike",2015,17,1,"http://forix.autosport.com/gp.php?l=0&d=81&r=20158117&c=136","worldsuperbike~2015~17~1",FALSE
"worldsuperbike",2015,17,2,"http://forix.autosport.com/gp.php?l=0&d=81&r=20158117&c=137","worldsuperbike~2015~17~2",FALSE
"worldsuperbike",2015,19,1,"http://forix.autosport.com/gp.php?l=0&d=81&r=20158119&c=136","worldsuperbike~2015~19~1",FALSE
"worldsuperbike",2015,19,2,"http://forix.autosport.com/gp.php?l=0&d=81&r=20158119&c=137","worldsuperbike~2015~19~2",FALSE
"worldsuperbike",2015,21,1,"http://forix.autosport.com/gp.php?l=0&d=81&r=20158121&c=136","worldsuperbike~2015~21~1",FALSE
"worldsuperbike",2015,21,2,"http://forix.autosport.com/gp.php?l=0&d=81&r=20158121&c=137","worldsuperbike~2015~21~2",FALSE
"worldsuperbike",2015,23,1,"http://forix.autosport.com/gp.php?l=0&d=81&r=20158123&c=136","worldsuperbike~2015~23~1",FALSE
"worldsuperbike",2015,23,2,"http://forix.autosport.com/gp.php?l=0&d=81&r=20158123&c=137","worldsuperbike~2015~23~2",FALSE
"worldsuperbike",2015,25,1,"http://forix.autosport.com/gp.php?l=0&d=81&r=20158125&c=136","worldsuperbike~2015~25~1",FALSE
"worldsuperbike",2015,25,2,"http://forix.autosport.com/gp.php?l=0&d=81&r=20158125&c=137","worldsuperbike~2015~25~2",FALSE
"f2",2018,1,1,"http://forix.autosport.com/gp.php?l=0&d=25&r=20182001&c=130","f2~2018~1~1",FALSE
"f2",2018,3,1,"http://forix.autosport.com/gp.php?l=0&d=25&r=20182003&c=130","f2~2018~3~1",FALSE
"f2",2018,5,1,"http://forix.autosport.com/gp.php?l=0&d=25&r=20182005&c=130","f2~2018~5~1",FALSE
"f2",2018,7,1,"http://forix.autosport.com/gp.php?l=0&d=25&r=20182007&c=131","f2~2018~7~1",FALSE
"f2",2018,7,2,"http://forix.autosport.com/gp.php?l=0&d=25&r=20182007&c=132","f2~2018~7~2",FALSE
"f2",2018,9,1,"http://forix.autosport.com/gp.php?l=0&d=25&r=20182009&c=130","f2~2018~9~1",FALSE
"f2",2018,11,1,"http://forix.autosport.com/gp.php?l=0&d=25&r=20182011&c=130","f2~2018~11~1",FALSE
"f2",2018,13,1,"http://forix.autosport.com/gp.php?l=0&d=25&r=20182013&c=130","f2~2018~13~1",FALSE
"f2",2018,15,1,"http://forix.autosport.com/gp.php?l=0&d=25&r=20182015&c=130","f2~2018~15~1",FALSE
"f2",2018,17,1,"http://forix.autosport.com/gp.php?l=0&d=25&r=20182017&c=130","f2~2018~17~1",FALSE
"f2",2018,19,1,"http://forix.autosport.com/gp.php?l=0&d=25&r=20182019&c=130","f2~2018~19~1",FALSE
"f2",2018,21,1,"http://forix.autosport.com/gp.php?l=0&d=25&r=20182021&c=130","f2~2018~21~1",FALSE
"f2",2018,23,1,"http://forix.autosport.com/gp.php?l=0&d=25&r=20182023&c=130","f2~2018~23~1",FALSE
"f2",2017,1,1,"http://forix.autosport.com/gp.php?l=0&d=25&r=20172001&c=130","f2~2017~1~1",FALSE
"f2",2017,3,1,"http://forix.autosport.com/gp.php?l=0&d=25&r=20172003&c=130","f2~2017~3~1",FALSE
"f2",2017,5,1,"http://forix.autosport.com/gp.php?l=0&d=25&r=20172005&c=131","f2~2017~5~1",FALSE
"f2",2017,5,2,"http://forix.autosport.com/gp.php?l=0&d=25&r=20172005&c=132","f2~2017~5~2",FALSE
"f2",2017,7,1,"http://forix.autosport.com/gp.php?l=0&d=25&r=20172007&c=130","f2~2017~7~1",FALSE
"f2",2017,9,1,"http://forix.autosport.com/gp.php?l=0&d=25&r=20172009&c=130","f2~2017~9~1",FALSE
"f2",2017,11,1,"http://forix.autosport.com/gp.php?l=0&d=25&r=20172011&c=130","f2~2017~11~1",FALSE
"f2",2017,13,1,"http://forix.autosport.com/gp.php?l=0&d=25&r=20172013&c=130","f2~2017~13~1",FALSE
"f2",2017,15,1,"http://forix.autosport.com/gp.php?l=0&d=25&r=20172015&c=130","f2~2017~15~1",FALSE
"f2",2017,17,1,"http://forix.autosport.com/gp.php?l=0&d=25&r=20172017&c=130","f2~2017~17~1",FALSE
"f2",2017,19,1,"http://forix.autosport.com/gp.php?l=0&d=25&r=20172019&c=130","f2~2017~19~1",FALSE
"f2",2017,21,1,"http://forix.autosport.com/gp.php?l=0&d=25&r=20172021&c=130","f2~2017~21~1",FALSE
"gp2",2016,1,1,"http://forix.autosport.com/gp.php?l=0&d=205&r=20162001&c=130","gp2~2016~1~1",FALSE
"gp2",2016,3,1,"http://forix.autosport.com/gp.php?l=0&d=205&r=20162003&c=131","gp2~2016~3~1",FALSE
"gp2",2016,3,2,"http://forix.autosport.com/gp.php?l=0&d=205&r=20162003&c=132","gp2~2016~3~2",FALSE
"gp2",2016,5,1,"http://forix.autosport.com/gp.php?l=0&d=205&r=20162005&c=130","gp2~2016~5~1",FALSE
"gp2",2016,7,1,"http://forix.autosport.com/gp.php?l=0&d=205&r=20162007&c=130","gp2~2016~7~1",FALSE
"gp2",2016,9,1,"http://forix.autosport.com/gp.php?l=0&d=205&r=20162009&c=130","gp2~2016~9~1",FALSE
"gp2",2016,11,1,"http://forix.autosport.com/gp.php?l=0&d=205&r=20162011&c=130","gp2~2016~11~1",FALSE
"gp2",2016,13,1,"http://forix.autosport.com/gp.php?l=0&d=205&r=20162013&c=130","gp2~2016~13~1",FALSE
"gp2",2016,15,1,"http://forix.autosport.com/gp.php?l=0&d=205&r=20162015&c=130","gp2~2016~15~1",FALSE
"gp2",2016,17,1,"http://forix.autosport.com/gp.php?l=0&d=205&r=20162017&c=130","gp2~2016~17~1",FALSE
"gp2",2016,19,1,"http://forix.autosport.com/gp.php?l=0&d=205&r=20162019&c=130","gp2~2016~19~1",FALSE
"gp2",2016,21,1,"http://forix.autosport.com/gp.php?l=0&d=205&r=20162021&c=130","gp2~2016~21~1",FALSE
"gp2",2015,1,1,"http://forix.autosport.com/gp.php?l=0&d=205&r=20152001&c=130","gp2~2015~1~1",FALSE
"gp2",2015,3,1,"http://forix.autosport.com/gp.php?l=0&d=205&r=20152003&c=130","gp2~2015~3~1",FALSE
"gp2",2015,5,1,"http://forix.autosport.com/gp.php?l=0&d=205&r=20152005&c=131","gp2~2015~5~1",FALSE
"gp2",2015,5,2,"http://forix.autosport.com/gp.php?l=0&d=205&r=20152005&c=132","gp2~2015~5~2",FALSE
"gp2",2015,7,1,"http://forix.autosport.com/gp.php?l=0&d=205&r=20152007&c=130","gp2~2015~7~1",FALSE
"gp2",2015,9,1,"http://forix.autosport.com/gp.php?l=0&d=205&r=20152009&c=130","gp2~2015~9~1",FALSE
"gp2",2015,11,1,"http://forix.autosport.com/gp.php?l=0&d=205&r=20152011&c=130","gp2~2015~11~1",FALSE
"gp2",2015,13,1,"http://forix.autosport.com/gp.php?l=0&d=205&r=20152013&c=130","gp2~2015~13~1",FALSE
"gp2",2015,15,1,"http://forix.autosport.com/gp.php?l=0&d=205&r=20152015&c=130","gp2~2015~15~1",FALSE
"gp2",2015,17,1,"http://forix.autosport.com/gp.php?l=0&d=205&r=20152017&c=130","gp2~2015~17~1",FALSE
"gp2",2015,19,1,"http://forix.autosport.com/gp.php?l=0&d=205&r=20152019&c=130","gp2~2015~19~1",FALSE
"gp2",2015,21,1,"http://forix.autosport.com/gp.php?l=0&d=205&r=20152021&c=130","gp2~2015~21~1",FALSE
